date,doge_price,btc_price,eth_price,kospi_price,nasdaq_price,us_rate,kr_rate
2023-01-01,89.3,21123000.0,1528000.0,,,4.33,
2023-01-02,90.8,21215000.0,1543500.0,2225.67,,4.33,
2023-01-03,90.2,21351000.0,1554500.0,2218.68,10386.99,4.33,3.25
2023-01-04,93.7,21588000.0,1610000.0,2255.98,10458.76,4.33,3.25
2023-01-05,91.8,21575000.0,1602500.0,2264.65,10305.24,4.33,3.25
2023-01-06,91.9,21517000.0,1610000.0,2289.97,10569.29,4.33,3.25
2023-01-07,91.9,21539000.0,1609000.0,,,4.33,
2023-01-08,93.3,21704000.0,1634500.0,,,4.33,
2023-01-09,95.4,21655000.0,1663500.0,2350.19,10635.65,4.33,3.25
2023-01-10,97.9,21916000.0,1680500.0,2351.31,10742.63,4.33,3.25
2023-01-11,98.0,22485000.0,1739500.0,2359.53,10931.67,4.33,3.25
2023-01-12,100.0,23552000.0,1770500.0,2365.1,11001.11,4.33,3.25
2023-01-13,105.0,24802000.0,1807000.0,2386.09,11079.16,4.33,3.5
2023-01-14,107.0,25881000.0,1912000.0,,,4.33,
2023-01-15,106.0,25836000.0,1921000.0,,,4.33,
2023-01-16,104.0,26368000.0,1961000.0,2399.86,,4.33,3.5
2023-01-17,103.0,26255000.0,1945000.0,2379.39,11095.11,4.33,3.5
2023-01-18,99.7,25718000.0,1881000.0,2368.32,10957.01,4.33,3.5
2023-01-19,101.0,26205000.0,1931500.0,2380.34,10852.27,4.33,3.5
2023-01-20,106.0,28026000.0,2050000.0,2395.26,11140.43,4.33,3.5
2023-01-21,106.0,28333000.0,2025000.0,,,4.33,
2023-01-22,110.0,28390000.0,2036000.0,,,4.33,
2023-01-23,110.0,28609000.0,2032000.0,,11364.41,4.33,
2023-01-24,106.0,28351000.0,1951500.0,,11334.27,4.33,
2023-01-25,107.0,28736000.0,2008000.0,2428.57,11313.36,4.33,3.5
2023-01-26,108.0,28930000.0,2014000.0,2468.65,11512.41,4.33,3.5
2023-01-27,109.0,28950000.0,2005000.0,2484.02,11621.71,4.33,3.5
2023-01-28,110.0,29063000.0,1987000.0,,,4.33,
2023-01-29,113.0,29670000.0,2055000.0,,,4.33,
2023-01-30,111.0,28706000.0,1969500.0,2450.47,11393.81,4.33,3.5
2023-01-31,121.0,29064000.0,1992500.0,2425.08,11584.55,4.33,3.5
2023-02-01,117.0,29620000.0,2048000.0,2449.8,11816.32,4.33,3.5
2023-02-02,114.0,29600000.0,2072000.0,2468.88,12200.82,4.58,3.5
2023-02-03,116.0,29432000.0,2091000.0,2480.4,12006.96,4.58,3.5
2023-02-04,120.0,29420000.0,2098000.0,,,4.58,
2023-02-05,117.0,28990000.0,2058000.0,,,4.58,
2023-02-06,115.0,29222000.0,2070000.0,2438.19,11887.45,4.58,3.5
2023-02-07,117.0,29452000.0,2116000.0,2451.71,12113.79,4.58,3.5
2023-02-08,115.0,29303000.0,2105000.0,2483.64,11910.52,4.58,3.5
2023-02-09,106.0,28193000.0,1997500.0,2481.52,11789.58,4.57,3.5
2023-02-10,105.0,28120000.0,1968500.0,2469.73,11718.12,4.58,3.5
2023-02-11,107.0,28377000.0,1996500.0,,,4.58,
2023-02-12,106.0,28263000.0,1965500.0,,,4.58,
2023-02-13,107.0,28309000.0,1957500.0,2452.7,11891.79,4.58,3.5
2023-02-14,109.0,28798000.0,2016000.0,2465.64,11960.14,4.58,3.5
2023-02-15,114.0,31186000.0,2148000.0,2427.9,12070.59,4.58,3.5
2023-02-16,109.0,30451000.0,2119000.0,2475.48,11855.83,4.58,3.5
2023-02-17,113.0,31641000.0,2182000.0,2451.21,11787.27,4.58,3.5
2023-02-18,114.0,31789000.0,2183000.0,,,4.58,
2023-02-19,112.0,31435000.0,2176000.0,,,4.58,
2023-02-20,113.0,31883000.0,2187000.0,2455.12,,4.58,3.5
2023-02-21,111.0,31736000.0,2153000.0,2458.96,11492.3,4.58,3.5
2023-02-22,111.0,31619000.0,2151000.0,2417.68,11507.07,4.58,3.5
2023-02-23,110.0,31398000.0,2164000.0,2439.09,11590.4,4.58,3.5
2023-02-24,108.0,30877000.0,2142000.0,2423.61,11394.94,4.58,3.5
2023-02-25,107.0,30959000.0,2132000.0,,,4.58,
2023-02-26,110.0,31279000.0,2178000.0,,,4.58,
2023-02-27,108.0,31255000.0,2174000.0,2402.64,11466.98,4.57,3.5
2023-02-28,108.0,31024000.0,2150000.0,2412.85,11455.54,4.57,3.5
2023-03-01,108.0,31106000.0,2194000.0,,11379.48,4.58,
2023-03-02,106.0,31109000.0,2183000.0,2427.85,11462.98,4.57,3.5
2023-03-03,102.0,29709000.0,2084000.0,2432.07,11689.01,4.57,3.5
2023-03-04,99.7,29838000.0,2092000.0,,,4.57,
2023-03-05,100.0,29982000.0,2092000.0,,,4.57,
2023-03-06,99.3,29769000.0,2080000.0,2462.62,11675.74,4.57,3.5
2023-03-07,98.7,29579000.0,2077000.0,2463.35,11530.33,4.57,3.5
2023-03-08,95.2,29023000.0,2050000.0,2431.91,11576.0,4.57,3.5
2023-03-09,89.4,27604000.0,1948000.0,2419.09,11338.36,4.57,3.5
2023-03-10,89.4,27343000.0,1936000.0,2394.59,11138.89,4.57,3.5
2023-03-11,89.6,27737000.0,1993500.0,,,4.57,
2023-03-12,93.6,29199000.0,2098000.0,,,4.57,
2023-03-13,95.7,31676000.0,2200000.0,2410.6,11188.84,4.58,3.5
2023-03-14,98.1,32490000.0,2235000.0,2348.97,11428.15,4.58,3.5
2023-03-15,93.2,32511000.0,2209000.0,2379.72,11434.05,4.58,3.5
2023-03-16,96.6,33335000.0,2230000.0,2377.91,11717.28,4.58,3.5
2023-03-17,100.0,36207000.0,2361000.0,2395.69,11630.51,4.58,3.5
2023-03-18,97.1,35767000.0,2338000.0,,,4.58,
2023-03-19,99.3,37233000.0,2371000.0,,,4.58,
2023-03-20,96.1,37295000.0,2328000.0,2379.2,11675.54,4.58,3.5
2023-03-21,101.0,37221000.0,2385000.0,2388.35,11860.11,4.58,3.5
2023-03-22,98.5,36372000.0,2312000.0,2416.96,11669.96,4.58,3.5
2023-03-23,102.0,37274000.0,2390000.0,2424.48,11787.4,4.83,3.5
2023-03-24,99.9,36749000.0,2344000.0,2414.96,11823.96,4.83,3.5
2023-03-25,99.1,36750000.0,2328000.0,,,4.83,
2023-03-26,98.9,37160000.0,2354000.0,,,4.83,
2023-03-27,97.0,36110000.0,2287000.0,2409.22,11768.84,4.83,3.5
2023-03-28,97.6,36026000.0,2340000.0,2434.94,11716.08,4.83,3.5
2023-03-29,99.7,37401000.0,2369000.0,2443.92,11926.24,4.83,3.5
2023-03-30,98.4,37157000.0,2377000.0,2453.16,12013.47,4.83,3.5
2023-03-31,101.0,37540000.0,2402000.0,2476.86,12221.91,4.83,3.5
2023-04-01,107.0,37585000.0,2406000.0,,,4.83,
2023-04-02,104.0,37301000.0,2375000.0,,,4.83,
2023-04-03,127.0,36814000.0,2395000.0,2472.34,12189.45,4.83,3.5
2023-04-04,125.0,37205000.0,2471000.0,2480.51,12126.33,4.83,3.5
2023-04-05,123.0,37139000.0,2516000.0,2495.21,11996.86,4.83,3.5
2023-04-06,113.0,37058000.0,2475000.0,2459.23,12087.96,4.83,3.5
2023-04-07,109.0,36993000.0,2471000.0,2490.41,,4.83,3.5
2023-04-08,108.0,37080000.0,2454000.0,,,4.83,
2023-04-09,110.0,37313000.0,2450000.0,,,4.83,
2023-04-10,111.0,38985000.0,2511000.0,2512.08,12084.36,4.83,3.5
2023-04-11,111.0,40004000.0,2505000.0,2547.86,12031.88,4.83,3.5
2023-04-12,110.0,39699000.0,2537000.0,2550.64,11929.34,4.83,3.5
2023-04-13,114.0,39911000.0,2641000.0,2561.66,12166.27,4.83,3.5
2023-04-14,115.0,39804000.0,2745000.0,2571.49,12123.46,4.83,3.5
2023-04-15,117.0,39800000.0,2750000.0,,,4.83,
2023-04-16,119.0,39607000.0,2765000.0,,,4.83,
2023-04-17,121.0,38700000.0,2727000.0,2575.91,12157.72,4.83,3.5
2023-04-18,122.0,39630000.0,2744000.0,2571.09,12153.41,4.83,3.5
2023-04-19,116.0,38300000.0,2576000.0,2575.08,12157.23,4.83,3.5
2023-04-20,112.0,37672000.0,2588000.0,2563.11,12059.56,4.83,3.5
2023-04-21,105.0,36337000.0,2464000.0,2544.4,12072.46,4.83,3.5
2023-04-22,108.0,37182000.0,2509000.0,,,4.83,
2023-04-23,106.0,36802000.0,2487000.0,,,4.83,
2023-04-24,106.0,36750000.0,2460000.0,2523.5,12037.2,4.83,3.5
2023-04-25,107.0,37877000.0,2499000.0,2489.02,11799.16,4.83,3.5
2023-04-26,106.0,38017000.0,2498000.0,2484.83,11854.35,4.83,3.5
2023-04-27,106.0,39258000.0,2544000.0,2495.81,12142.24,4.83,3.5
2023-04-28,107.0,39083000.0,2523000.0,2501.53,12226.58,4.83,3.5
2023-04-29,108.0,38965000.0,2541000.0,,,4.83,
2023-04-30,106.0,39149000.0,2506000.0,,,4.83,
2023-05-01,105.0,37769000.0,2461000.0,,12212.6,4.83,
2023-05-02,106.0,38405000.0,2504000.0,2524.39,12080.51,4.83,3.5
2023-05-03,107.0,38703000.0,2542000.0,2501.4,12025.33,4.83,3.5
2023-05-04,104.0,38580000.0,2509000.0,2500.94,11966.4,5.08,3.5
2023-05-05,106.0,39053000.0,2639000.0,,12235.41,5.08,
2023-05-06,103.0,38677000.0,2540000.0,,,5.08,
2023-05-07,102.0,38143000.0,2510000.0,,,5.08,
2023-05-08,97.6,37255000.0,2486000.0,2513.21,12256.92,5.08,3.5
2023-05-09,98.2,37150000.0,2483000.0,2510.06,12179.55,5.08,3.5
2023-05-10,98.1,37071000.0,2469000.0,2496.51,12306.44,5.08,3.5
2023-05-11,97.0,36411000.0,2421000.0,2491.0,12328.51,5.08,3.5
2023-05-12,98.1,36341000.0,2452000.0,2475.42,12284.74,5.08,3.5
2023-05-13,97.4,36374000.0,2441000.0,,,5.08,
2023-05-14,97.3,36415000.0,2436000.0,,,5.08,
2023-05-15,97.0,36632000.0,2448000.0,2479.35,12365.21,5.08,3.5
2023-05-16,97.9,36421000.0,2455000.0,2480.24,12343.05,5.08,3.5
2023-05-17,100.0,36700000.0,2442000.0,2494.66,12500.57,5.08,3.5
2023-05-18,99.2,36240000.0,2432000.0,2515.4,12688.84,5.08,3.5
2023-05-19,98.9,36156000.0,2435000.0,2537.79,12657.9,5.08,3.5
2023-05-20,98.8,36385000.0,2444000.0,,,5.08,
2023-05-21,97.3,36051000.0,2430000.0,,,5.08,
2023-05-22,97.6,35947000.0,2431000.0,2557.08,12720.78,5.08,3.5
2023-05-23,97.3,36381000.0,2478000.0,2567.55,12560.25,5.08,3.5
2023-05-24,95.1,35452000.0,2420000.0,2567.45,12484.16,5.08,3.5
2023-05-25,95.0,35547000.0,2424000.0,2554.69,12698.09,5.08,3.5
2023-05-26,95.2,35771000.0,2448000.0,2558.81,12975.69,5.08,3.5
2023-05-27,96.7,35824000.0,2444000.0,,,5.08,
2023-05-28,97.8,37350000.0,2542000.0,,,5.08,
2023-05-29,97.4,36992000.0,2523000.0,,,5.08,
2023-05-30,96.3,36914000.0,2528000.0,2585.52,13017.43,5.08,3.5
2023-05-31,95.7,36391000.0,2504000.0,2577.12,12935.29,5.08,3.5
2023-06-01,95.4,35823000.0,2485000.0,2569.17,13100.98,5.08,3.5
2023-06-02,96.1,36089000.0,2524000.0,2601.36,13240.77,5.08,3.5
2023-06-03,96.2,35888000.0,2507000.0,,,5.08,
2023-06-04,95.9,35865000.0,2502000.0,,,5.08,
2023-06-05,88.7,34298000.0,2414000.0,2615.41,13229.43,5.08,3.5
2023-06-06,92.5,35852000.0,2482000.0,,13276.42,5.08,
2023-06-07,89.2,34952000.0,2430000.0,2615.6,13104.89,5.08,3.5
2023-06-08,89.7,34996000.0,2438000.0,2610.85,13238.52,5.08,3.5
2023-06-10,82.1,34372000.0,2329000.0,,,5.08,
2023-06-11,81.5,34345000.0,2324000.0,,,5.08,
2023-06-12,80.8,34059000.0,2293000.0,2629.35,13461.92,5.08,3.5
2023-06-13,80.6,33913000.0,2273000.0,2637.95,13573.32,5.08,3.5
2023-06-14,79.3,33007000.0,2168000.0,2619.08,13626.48,5.08,3.5
2023-06-15,80.4,33449000.0,2179000.0,2608.54,13782.82,5.07,3.5
2023-06-16,81.6,34501000.0,2253000.0,2625.79,13689.57,5.08,3.5
2023-06-17,81.7,34780000.0,2267000.0,,,5.08,
2023-06-18,81.3,34466000.0,2253000.0,,,5.08,
2023-06-19,81.5,35092000.0,2269000.0,2609.5,,5.08,3.5
2023-06-20,82.4,36946000.0,2339000.0,2604.91,13667.29,5.07,3.5
2023-06-21,85.7,39135000.0,2469000.0,2582.63,13502.2,5.07,3.5
2023-06-22,85.9,39125000.0,2451000.0,2593.7,13630.61,5.07,3.5
2023-06-23,90.4,40651000.0,2509000.0,2570.1,13492.52,5.07,3.5
2023-06-24,88.9,40659000.0,2499000.0,,,5.07,
2023-06-25,88.3,40352000.0,2514000.0,,,5.07,
2023-06-26,85.9,40077000.0,2466000.0,2582.2,13335.78,5.07,3.5
2023-06-27,86.6,40585000.0,2498000.0,2581.39,13555.67,5.07,3.5
2023-06-28,83.2,40020000.0,2431000.0,2564.19,13591.75,5.07,3.5
2023-06-29,84.6,40583000.0,2469000.0,2550.02,13591.33,5.07,3.5
2023-06-30,88.6,40547000.0,2574000.0,2564.28,13787.92,5.08,3.5
2023-07-01,91.1,40691000.0,2563000.0,,,5.08,
2023-07-02,90.2,40652000.0,2572000.0,,,5.08,
2023-07-03,90.6,41200000.0,2582000.0,2602.47,13816.77,5.08,3.5
2023-07-04,91.0,40610000.0,2557000.0,2593.31,,5.08,3.5
2023-07-05,88.7,40385000.0,2531000.0,2579.0,13791.65,5.08,3.5
2023-07-06,86.5,39860000.0,2465000.0,2556.29,13679.04,5.08,3.5
2023-07-07,86.8,40240000.0,2481000.0,2526.71,13660.72,5.08,3.5
2023-07-08,87.1,40153000.0,2474000.0,,,5.08,
2023-07-09,86.3,39832000.0,2460000.0,,,5.08,
2023-07-10,85.8,40050000.0,2475000.0,2520.7,13685.48,5.07,3.5
2023-07-11,85.6,40117000.0,2461000.0,2562.49,13760.7,5.08,3.5
2023-07-12,85.2,39804000.0,2450000.0,2574.72,13918.96,5.08,3.5
2023-07-13,89.6,40112000.0,2553000.0,2591.23,14138.57,5.08,3.5
2023-07-14,88.3,39092000.0,2499000.0,2628.3,14113.7,5.08,3.5
2023-07-15,92.3,38889000.0,2479000.0,,,5.08,
2023-07-16,89.5,38933000.0,2476000.0,,,5.08,
2023-07-17,89.7,38742000.0,2455000.0,2619.0,14244.95,5.08,3.5
2023-07-18,88.3,38401000.0,2441000.0,2607.62,14353.64,5.08,3.5
2023-07-19,89.7,38323000.0,2423000.0,2608.24,14358.02,5.08,3.5
2023-07-20,91.4,38567000.0,2447000.0,2600.23,14063.31,5.08,3.5
2023-07-21,95.0,38829000.0,2456000.0,2609.76,14032.8,5.08,3.5
2023-07-22,91.8,38776000.0,2430000.0,,,5.08,
2023-07-23,92.9,38945000.0,2444000.0,,,5.08,
2023-07-24,96.4,37892000.0,2404000.0,2628.53,14058.87,5.08,3.5
2023-07-25,106.0,37910000.0,2411000.0,2636.46,14144.55,5.08,3.5
2023-07-26,100.0,37918000.0,2416000.0,2592.36,14127.28,5.08,3.5
2023-07-27,100.0,37874000.0,2414000.0,2603.81,14050.11,5.33,3.5
2023-07-28,99.8,37932000.0,2424000.0,2608.32,14316.66,5.33,3.5
2023-07-29,103.0,37901000.0,2426000.0,,,5.33,
2023-07-30,101.0,37850000.0,2409000.0,,,5.33,
2023-07-31,102.0,37929000.0,2409000.0,2632.58,14346.02,5.33,3.5
2023-08-01,101.0,38642000.0,2437000.0,2667.07,14283.91,5.33,3.5
2023-08-02,97.7,38358000.0,2420000.0,2616.47,13973.45,5.33,3.5
2023-08-03,97.0,38436000.0,2418000.0,2605.39,13959.71,5.33,3.5
2023-08-04,97.1,38492000.0,2420000.0,2602.8,13892.07,5.33,3.5
2023-08-05,100.0,38474000.0,2431000.0,,,5.33,
2023-08-06,98.6,38605000.0,2427000.0,,,5.33,
2023-08-07,97.3,38622000.0,2421000.0,2580.71,13977.13,5.33,3.5
2023-08-08,99.4,39437000.0,2455000.0,2573.98,13867.19,5.33,3.5
2023-08-09,99.9,39209000.0,2460000.0,2605.12,13705.08,5.33,3.5
2023-08-10,100.0,39119000.0,2460000.0,2601.56,13721.03,5.33,3.5
2023-08-11,101.0,39233000.0,2468000.0,2591.26,13644.85,5.33,3.5
2023-08-12,103.0,39283000.0,2469000.0,,,5.33,
2023-08-13,100.0,39118000.0,2456000.0,,,5.33,
2023-08-14,99.9,39288000.0,2464000.0,2570.87,13788.33,5.33,3.5
2023-08-15,95.9,39404000.0,2468000.0,,13631.05,5.33,
2023-08-16,91.1,39001000.0,2453000.0,2525.64,13474.63,5.33,3.5
2023-08-17,84.1,36588000.0,2311000.0,2519.85,13316.93,5.33,3.5
2023-08-18,87.1,35890000.0,2289000.0,2504.5,13290.78,5.33,3.5
2023-08-19,88.1,36056000.0,2305000.0,,,5.33,
2023-08-20,87.7,35949000.0,2312000.0,,,5.33,
2023-08-21,85.7,35769000.0,2286000.0,2508.8,13497.59,5.33,3.5
2023-08-22,85.8,35684000.0,2241000.0,2515.74,13505.87,5.33,3.5
2023-08-23,86.8,35941000.0,2285000.0,2505.5,13721.03,5.33,3.5
2023-08-24,85.9,35635000.0,2262000.0,2537.68,13463.97,5.33,3.5
2023-08-25,85.9,35479000.0,2252000.0,2519.14,13590.65,5.33,3.5
2023-08-26,85.5,35398000.0,2242000.0,,,5.33,
2023-08-27,85.6,35402000.0,2247000.0,,,5.33,
2023-08-28,85.8,35335000.0,2234000.0,2543.41,13705.13,5.33,3.5
2023-08-29,89.6,37445000.0,2336000.0,2552.16,13943.76,5.33,3.5
2023-08-30,89.5,37109000.0,2319000.0,2561.22,14019.31,5.33,3.5
2023-08-31,87.2,35502000.0,2255000.0,2556.27,14034.97,5.33,3.5
2023-09-01,87.4,35350000.0,2232000.0,2563.71,14031.82,5.33,3.5
2023-09-02,86.6,35204000.0,2227000.0,,,5.33,
2023-09-03,85.9,35308000.0,2225000.0,,,5.33,
2023-09-04,85.7,35011000.0,2211000.0,2584.55,,5.33,3.5
2023-09-05,87.0,35056000.0,2220000.0,2582.18,14020.95,5.33,3.5
2023-09-06,86.5,35029000.0,2220000.0,2563.34,13872.47,5.33,3.5
2023-09-07,86.4,35615000.0,2238000.0,2548.26,13748.83,5.33,3.5
2023-09-08,86.6,35295000.0,2227000.0,2547.68,13761.53,5.33,3.5
2023-09-09,86.3,35280000.0,2227000.0,,,5.33,
2023-09-10,83.6,35196000.0,2205000.0,,,5.33,
2023-09-11,82.4,34327000.0,2117000.0,2556.88,13917.89,5.33,3.5
2023-09-12,82.8,35077000.0,2161000.0,2536.58,13773.62,5.33,3.5
2023-09-13,83.0,35497000.0,2177000.0,2534.7,13813.58,5.33,3.5
2023-09-14,83.8,35889000.0,2197000.0,2572.89,13926.05,5.33,3.5
2023-09-15,84.2,35928000.0,2215000.0,2601.28,13708.33,5.33,3.5
2023-09-16,84.1,35938000.0,2215000.0,,,5.33,
2023-09-17,82.8,35758000.0,2187000.0,,,5.33,
2023-09-18,83.2,36000000.0,2200000.0,2574.72,13710.24,5.33,3.5
2023-09-19,84.0,36500000.0,2205000.0,2559.21,13678.19,5.33,3.5
2023-09-20,84.1,36501000.0,2185000.0,2559.74,13469.13,5.33,3.5
2023-09-21,83.1,36012000.0,2146000.0,2514.97,13223.99,5.33,3.5
2023-09-22,83.3,35952000.0,2158000.0,2508.13,13211.81,5.33,3.5
2023-09-23,83.2,35960000.0,2158000.0,,,5.33,
2023-09-24,82.2,35534000.0,2137000.0,,,5.33,
2023-09-25,82.2,35491000.0,2141000.0,2495.76,13271.32,5.33,3.5
2023-09-26,82.2,35566000.0,2161000.0,2462.97,13063.61,5.33,3.5
2023-09-27,82.6,35982000.0,2181000.0,2465.07,13092.85,5.33,3.5
2023-09-28,83.3,36596000.0,2241000.0,,13201.28,5.33,
2023-09-29,84.1,36444000.0,2256000.0,,13219.32,5.33,
2023-09-30,84.1,36600000.0,2267000.0,,,5.33,
2023-10-01,85.4,37789000.0,2340000.0,,,5.33,
2023-10-02,84.4,37424000.0,2258000.0,,13307.77,5.33,
2023-10-03,83.3,37197000.0,2247000.0,,13059.47,5.33,
2023-10-04,83.2,37595000.0,2232000.0,2405.69,13236.01,5.33,3.5
2023-10-05,82.7,37258000.0,2191000.0,2403.6,13219.83,5.33,3.5
2023-10-06,83.2,37798000.0,2228000.0,2408.73,13431.34,5.33,3.5
2023-10-07,83.4,37902000.0,2218000.0,,,5.33,
2023-10-08,82.9,37929000.0,2216000.0,,,5.33,
2023-10-09,80.2,37595000.0,2155000.0,,13484.24,5.33,
2023-10-10,80.6,37336000.0,2138000.0,2402.58,13562.84,5.33,3.5
2023-10-11,80.0,36671000.0,2140000.0,2450.08,13659.68,5.33,3.5
2023-10-12,79.5,36750000.0,2115000.0,2479.82,13574.22,5.33,3.5
2023-10-13,80.3,36968000.0,2134000.0,2456.15,13407.23,5.33,3.5
2023-10-14,81.9,36790000.0,2131000.0,,,5.33,
2023-10-15,80.9,37086000.0,2127000.0,,,5.33,
2023-10-16,81.6,38697000.0,2172000.0,2436.24,13567.98,5.33,3.5
2023-10-17,80.5,38652000.0,2129000.0,2460.17,13533.75,5.33,3.5
2023-10-18,80.1,38710000.0,2138000.0,2462.6,13314.3,5.33,3.5
2023-10-19,80.1,39000000.0,2129000.0,2415.8,13186.17,5.33,3.5
2023-10-20,81.2,40250000.0,2176000.0,2375.0,12983.81,5.33,3.5
2023-10-21,82.6,40400000.0,2199000.0,,,5.33,
2023-10-22,83.0,40354000.0,2236000.0,,,5.33,
2023-10-23,90.1,44179000.0,2361000.0,2357.02,13018.33,5.33,3.5
2023-10-24,89.5,45599000.0,2399000.0,2383.51,13139.88,5.33,3.5
2023-10-25,92.1,46484000.0,2409000.0,2363.17,12821.22,5.33,3.5
2023-10-26,96.9,46141000.0,2435000.0,2299.08,12595.61,5.33,3.5
2023-10-27,92.0,45980000.0,2415000.0,2302.81,12643.01,5.33,3.5
2023-10-28,93.8,46314000.0,2418000.0,,,5.33,
2023-10-29,94.0,46825000.0,2436000.0,,,5.33,
2023-10-30,94.4,46732000.0,2450000.0,2310.55,12789.48,5.33,3.5
2023-10-31,92.8,47030000.0,2464000.0,2277.99,12851.24,5.33,3.5
2023-11-01,93.5,48079000.0,2504000.0,2301.56,13061.47,5.33,3.5
2023-11-02,92.4,47516000.0,2447000.0,2343.12,13294.19,5.33,3.5
2023-11-03,91.5,46676000.0,2465000.0,2368.34,13478.28,5.33,3.5
2023-11-04,92.9,47050000.0,2489000.0,,,5.33,
2023-11-05,95.5,47056000.0,2541000.0,,,5.33,
2023-11-06,103.0,46781000.0,2536000.0,2502.37,13518.78,5.33,3.5
2023-11-07,98.3,47301000.0,2524000.0,2443.96,13639.86,5.33,3.5
2023-11-08,100.0,47458000.0,2518000.0,2421.62,13650.41,5.33,3.5
2023-11-09,99.1,49400000.0,2855000.0,2427.08,13521.45,5.33,3.5
2023-11-10,101.0,50030000.0,2792000.0,2409.66,13798.11,5.33,3.5
2023-11-11,105.0,49629000.0,2748000.0,,,5.33,
2023-11-12,104.0,49418000.0,2724000.0,,,5.33,
2023-11-13,100.0,49154000.0,2767000.0,2403.76,13767.74,5.33,3.5
2023-11-14,97.8,47969000.0,2673000.0,2433.25,14094.38,5.33,3.5
2023-11-15,102.0,50457000.0,2746000.0,2486.67,14103.84,5.33,3.5
2023-11-16,108.0,48868000.0,2654000.0,2488.18,14113.67,5.33,3.5
2023-11-17,117.0,49390000.0,2650000.0,2469.85,14125.48,5.33,3.5
2023-11-18,108.0,49165000.0,2638000.0,,,5.33,
2023-11-19,108.0,49800000.0,2680000.0,,,5.33,
2023-11-20,104.0,50170000.0,2708000.0,2491.2,14284.53,5.33,3.5
2023-11-21,97.3,48510000.0,2620000.0,2510.42,14199.98,5.33,3.5
2023-11-22,102.0,50042000.0,2761000.0,2511.7,14265.86,5.33,3.5
2023-11-23,102.0,49929000.0,2761000.0,2514.96,,5.33,3.5
2023-11-24,104.0,50601000.0,2790000.0,2496.63,14250.86,5.33,3.5
2023-11-25,106.0,50533000.0,2785000.0,,,5.33,
2023-11-26,106.0,50210000.0,2768000.0,,,5.33,
2023-11-27,106.0,50275000.0,2738000.0,2495.66,14241.02,5.33,3.5
2023-11-28,108.0,50576000.0,2740000.0,2521.76,14281.76,5.33,3.5
2023-11-29,108.0,50720000.0,2718000.0,2519.81,14258.49,5.33,3.5
2023-11-30,112.0,50586000.0,2750000.0,2535.29,14226.22,5.33,3.5
2023-12-01,113.0,51709000.0,2794000.0,2505.01,14305.03,5.33,3.5
2023-12-02,114.0,52603000.0,2886000.0,,,5.33,
2023-12-03,115.0,53700000.0,2942000.0,,,5.33,
2023-12-04,124.0,56920000.0,3037000.0,2514.95,14185.49,5.33,3.5
2023-12-05,128.0,60227000.0,3137000.0,2494.28,14229.91,5.33,3.5
2023-12-06,131.0,60314000.0,3081000.0,2495.38,14146.71,5.33,3.5
2023-12-07,131.0,59250000.0,3227000.0,2492.07,14339.99,5.33,3.5
2023-12-08,138.0,60142000.0,3215000.0,2517.85,14403.97,5.33,3.5
2023-12-09,135.0,60082000.0,3218000.0,,,5.33,
2023-12-10,140.0,59835000.0,3213000.0,,,5.33,
2023-12-11,130.0,56950000.0,3073000.0,2525.36,14432.49,5.33,3.5
2023-12-12,131.0,57605000.0,3061000.0,2535.27,14533.4,5.33,3.5
2023-12-13,134.0,59056000.0,3114000.0,2510.66,14733.96,5.33,3.5
2023-12-14,134.0,58735000.0,3159000.0,2544.18,14761.56,5.33,3.5
2023-12-15,129.0,58028000.0,3073000.0,2563.56,14813.92,5.33,3.5
2023-12-16,134.0,57935000.0,3056000.0,,,5.33,
2023-12-17,128.0,56710000.0,3013000.0,,,5.33,
2023-12-18,125.0,58130000.0,3024000.0,2566.86,14905.19,5.33,3.5
2023-12-19,124.0,57845000.0,2979000.0,2568.55,15003.22,5.33,3.5
2023-12-20,125.0,59351000.0,2991000.0,2614.3,14777.94,5.33,3.5
2023-12-21,130.0,59479000.0,3037000.0,2600.02,14963.87,5.33,3.5
2023-12-22,128.0,59532000.0,3150000.0,2599.51,14992.97,5.33,3.5
2023-12-23,126.0,59250000.0,3126000.0,,,5.33,
2023-12-24,124.0,58002000.0,3050000.0,,,5.33,
2023-12-25,126.0,58042000.0,3028000.0,,,5.33,
2023-12-26,123.0,57032000.0,2994000.0,2602.59,15074.57,5.33,3.5
2023-12-28,122.0,56907000.0,3131000.0,2655.28,15095.14,5.33,3.5
2023-12-29,122.0,56450000.0,3087000.0,,15011.35,5.33,3.5
2023-12-30,122.0,56639000.0,3081000.0,,,5.33,
2023-12-31,121.0,57047000.0,3082000.0,,,5.33,
2024-01-01,123.0,58839000.0,3136000.0,,,5.33,
2024-01-02,123.0,60206000.0,3154000.0,2669.81,14765.94,5.33,3.5
2024-01-03,113.0,58581000.0,3024000.0,2607.31,14592.21,5.33,3.5
2024-01-04,114.0,59477000.0,3053000.0,2587.02,14510.3,5.33,3.5
2024-01-05,112.0,59351000.0,3050000.0,2578.08,14524.07,5.33,3.5
2024-01-06,109.0,59329000.0,3024000.0,,,5.33,
2024-01-07,106.0,59108000.0,2995000.0,,,5.33,
2024-01-08,109.0,63010000.0,3131000.0,2567.82,14843.77,5.33,3.5
2024-01-09,107.0,62014000.0,3156000.0,2561.24,14857.71,5.33,3.5
2024-01-10,114.0,63621000.0,3525000.0,2541.98,14969.65,5.33,3.5
2024-01-11,117.0,63550000.0,3593000.0,2540.27,14970.18,5.33,3.5
2024-01-12,111.0,59435000.0,3504000.0,2525.05,14972.76,5.33,3.5
2024-01-13,112.0,58968000.0,3549000.0,,,5.33,
2024-01-14,110.0,57391000.0,3396000.0,,,5.33,
2024-01-15,112.0,58354000.0,3451000.0,2525.99,,5.33,3.5
2024-01-16,111.0,59196000.0,3551000.0,2497.59,14944.35,5.33,3.5
2024-01-17,111.0,58776000.0,3483000.0,2435.9,14855.62,5.33,3.5
2024-01-18,108.0,57284000.0,3424000.0,2440.04,15055.65,5.33,3.5
2024-01-19,109.0,57739000.0,3454000.0,2472.74,15310.97,5.33,3.5
2024-01-20,121.0,57517000.0,3410000.0,,,5.33,
2024-01-21,118.0,57387000.0,3391000.0,,,5.33,
2024-01-22,112.0,54689000.0,3199000.0,2464.35,15360.29,5.33,3.5
2024-01-23,108.0,55389000.0,3117000.0,2478.61,15425.94,5.33,3.5
2024-01-24,109.0,55200000.0,3077000.0,2469.69,15481.92,5.33,3.5
2024-01-25,107.0,55101000.0,3060000.0,2470.34,15510.5,5.33,3.5
2024-01-26,109.0,57503000.0,3119000.0,2478.56,15455.36,5.33,3.5
2024-01-27,110.0,58086000.0,3129000.0,,,5.33,
2024-01-28,108.4,57855000.0,3105000.0,,,5.33,
2024-01-29,111.3,59101000.0,3165000.0,2500.65,15628.04,5.33,3.5
2024-01-30,109.4,58965000.0,3216000.0,2498.81,15509.9,5.33,3.5
2024-01-31,108.7,58738000.0,3150000.0,2497.09,15164.01,5.33,3.5
2024-02-01,109.0,59150000.0,3166000.0,2542.46,15361.64,5.33,3.5
2024-02-02,108.9,59299000.0,3169000.0,2615.31,15628.95,5.33,3.5
2024-02-03,108.4,59260000.0,3164000.0,,,5.33,
2024-02-04,108.1,58811000.0,3160000.0,,,5.33,
2024-02-05,108.0,58882000.0,3173000.0,2591.31,15597.68,5.33,3.5
2024-02-06,107.6,59039000.0,3249000.0,2576.2,15609.0,5.33,3.5
2024-02-07,108.9,60232000.0,3299000.0,2609.58,15756.64,5.33,3.5
2024-02-08,109.4,62011000.0,3316000.0,2620.32,15793.71,5.33,3.5
2024-02-09,110.1,63682000.0,3355000.0,,15990.66,5.33,
2024-02-10,110.0,64549000.0,3378000.0,,,5.33,
2024-02-11,109.9,65230000.0,3390000.0,,,5.33,
2024-02-12,110.2,67002000.0,3570000.0,,15942.54,5.33,
2024-02-13,109.8,67309000.0,3580000.0,2649.64,15655.6,5.33,3.5
2024-02-14,115.9,70199000.0,3764000.0,2620.42,15859.15,5.33,3.5
2024-02-15,117.3,71253000.0,3876000.0,2613.8,15906.17,5.33,3.5
2024-02-16,118.9,72128000.0,3877000.0,2648.76,15775.65,5.33,3.5
2024-02-17,115.7,71530000.0,3857000.0,,,5.33,
2024-02-18,117.5,71964000.0,3976000.0,,,5.33,
2024-02-19,123.9,71755000.0,4076000.0,2680.26,,5.33,3.5
2024-02-20,119.1,72191000.0,4162000.0,2657.79,15630.78,5.33,3.5
2024-02-21,118.1,72397000.0,4149000.0,2653.31,15580.87,5.33,3.5
2024-02-22,117.2,71601000.0,4147000.0,2664.27,16041.62,5.33,3.5
2024-02-23,117.9,70805000.0,4076000.0,2667.7,15996.82,5.33,3.5
2024-02-24,118.8,71107000.0,4127000.0,,,5.33,
2024-02-25,118.5,71256000.0,4291000.0,,,5.33,
2024-02-26,122.2,74742000.0,4358000.0,2647.08,15976.25,5.33,3.5
2024-02-27,134.3,78619000.0,4469000.0,2625.05,16035.3,5.33,3.5
2024-02-28,162.6,87634000.0,4751000.0,2652.29,15947.74,5.33,3.5
2024-02-29,164.9,85910000.0,4697000.0,2642.36,16091.92,5.33,3.5
2024-03-01,195.3,87397000.0,4807000.0,,16274.94,5.33,
2024-03-02,198.1,86383000.0,4761000.0,,,5.33,
2024-03-03,214.0,87982000.0,4869000.0,,,5.33,
2024-03-04,254.8,95500000.0,5077000.0,2674.27,16207.51,5.33,3.5
2024-03-05,220.1,91275000.0,5085000.0,2649.4,15939.59,5.33,3.5
2024-03-06,223.4,93325000.0,5406000.0,2641.49,16031.54,5.33,3.5
2024-03-07,221.6,94060000.0,5446000.0,2647.62,16273.38,5.33,3.5
2024-03-08,232.7,96237000.0,5496000.0,2680.35,16085.11,5.33,3.5
2024-03-09,250.9,95946000.0,5480000.0,,,5.33,
2024-03-10,240.5,97495000.0,5488000.0,,,5.33,
2024-03-11,253.3,100404000.0,5659000.0,2659.84,16019.27,5.33,3.5
2024-03-12,238.4,101200000.0,5646000.0,2681.81,16265.64,5.33,3.5
2024-03-13,240.7,104122000.0,5711000.0,2693.57,16177.77,5.33,3.5
2024-03-14,254.3,102506000.0,5580000.0,2718.76,16128.53,5.33,3.5
2024-03-15,238.2,101000000.0,5436000.0,2666.84,15973.17,5.33,3.5
2024-03-16,210.7,96767000.0,5210000.0,,,5.33,
2024-03-17,225.6,99922000.0,5326000.0,,,5.33,
2024-03-18,210.3,99040000.0,5156000.0,2685.84,16103.45,5.33,3.5
2024-03-19,192.2,92572000.0,4719000.0,2656.17,16166.79,5.33,3.5
2024-03-20,223.6,99726000.0,5173000.0,2690.14,16369.41,5.33,3.5
2024-03-21,226.5,95552000.0,5087000.0,2754.86,16401.84,5.33,3.5
2024-03-22,225.0,93855000.0,4913000.0,2748.56,16428.82,5.33,3.5
2024-03-23,235.8,93274000.0,4855000.0,,,5.33,
2024-03-24,253.8,96624000.0,4964000.0,,,5.33,
2024-03-25,249.5,99202000.0,5096000.0,2737.57,16384.47,5.33,3.5
2024-03-26,260.5,100051000.0,5126000.0,2757.09,16315.7,5.33,3.5
2024-03-27,273.8,99890000.0,5040000.0,2755.11,16399.52,5.33,3.5
2024-03-28,313.7,100900000.0,5076000.0,2745.82,16379.46,5.33,3.5
2024-03-29,304.0,99801000.0,5020000.0,2746.63,,5.33,3.5
2024-03-30,286.2,99985000.0,5033000.0,,,5.33,
2024-03-31,311.5,100970000.0,5161000.0,,,5.33,
2024-04-01,294.9,100100000.0,5040000.0,2747.86,16396.83,5.33,3.5
2024-04-02,268.3,96053000.0,4812000.0,2753.16,16240.45,5.33,3.5
2024-04-03,256.9,96502000.0,4842000.0,2706.97,16277.46,5.33,3.5
2024-04-04,262.0,99361000.0,4838000.0,2742.0,16049.08,5.33,3.5
2024-04-05,257.0,98394000.0,4815000.0,2714.21,16248.52,5.33,3.5
2024-04-06,267.1,99023000.0,4823000.0,,,5.33,
2024-04-07,284.8,99369000.0,4947000.0,,,5.33,
2024-04-08,288.5,102101000.0,5260000.0,2717.65,16253.96,5.33,3.5
2024-04-09,272.0,99350000.0,5042000.0,2705.16,16306.64,5.33,3.5
2024-04-10,284.5,100600000.0,5059000.0,,16170.36,5.33,
2024-04-11,278.1,100541000.0,5023000.0,2706.96,16442.2,5.33,3.5
2024-04-12,259.0,99776000.0,4822000.0,2681.82,16175.09,5.33,3.5
2024-04-13,231.3,97149000.0,4570000.0,,,5.33,
2024-04-14,244.6,98905000.0,4752000.0,,,5.33,
2024-04-15,245.2,96527000.0,4719000.0,2670.43,15885.02,5.33,3.5
2024-04-16,233.7,95597000.0,4623000.0,2609.63,15865.25,5.33,3.5
2024-04-17,220.5,91419000.0,4451000.0,2584.18,15683.37,5.33,3.5
2024-04-18,223.9,93356000.0,4506000.0,2634.7,15601.5,5.33,3.5
2024-04-19,228.8,93390000.0,4475000.0,2591.86,15282.01,5.33,3.5
2024-04-20,237.2,94805000.0,4610000.0,,,5.33,
2024-04-21,231.4,94868000.0,4600000.0,,,5.33,
2024-04-22,234.3,97192000.0,4652000.0,2629.44,15451.3,5.33,3.5
2024-04-23,231.1,96045000.0,4661000.0,2623.02,15696.64,5.33,3.5
2024-04-24,220.5,93534000.0,4567000.0,2675.75,15712.75,5.33,3.5
2024-04-25,217.5,92745000.0,4535000.0,2628.62,15611.76,5.33,3.5
2024-04-26,213.3,91951000.0,4512000.0,2656.33,15927.9,5.33,3.5
2024-04-27,213.0,91499000.0,4689000.0,,,5.33,
2024-04-28,210.3,90530000.0,4679000.0,,,5.33,
2024-04-29,205.5,91400000.0,4604000.0,2687.44,15983.08,5.33,3.5
2024-04-30,191.3,87137000.0,4327000.0,2692.06,15657.82,5.33,3.5
2024-05-01,186.2,83499000.0,4252000.0,,15605.48,5.33,
2024-05-02,185.6,83078000.0,4201000.0,2683.65,15840.96,5.33,3.5
2024-05-03,207.4,89291000.0,4400000.0,2676.63,16156.33,5.33,3.5
2024-05-04,226.7,90303000.0,4410000.0,,,5.33,
2024-05-05,226.4,90061000.0,4410000.0,,,5.33,
2024-05-06,219.7,88804000.0,4308000.0,,16349.25,5.33,
2024-05-07,210.8,87595000.0,4229000.0,2734.36,16332.55,5.33,3.5
2024-05-08,201.0,85872000.0,4169000.0,2745.05,16302.76,5.33,3.5
2024-05-09,212.5,88116000.0,4243000.0,2712.14,16346.26,5.33,3.5
2024-05-10,203.4,85842000.0,4108000.0,2727.63,16340.87,5.33,3.5
2024-05-11,201.9,85791000.0,4111000.0,,,5.33,
2024-05-12,199.1,86521000.0,4125000.0,,,5.33,
2024-05-13,207.7,87928000.0,4125000.0,2727.21,16388.24,5.33,3.5
2024-05-14,204.3,86500000.0,4053000.0,2730.34,16511.18,5.33,3.5
2024-05-15,216.2,92111000.0,4220000.0,,16742.39,5.33,
2024-05-16,208.7,90800000.0,4096000.0,2753.0,16698.32,5.33,3.5
2024-05-17,215.1,92646000.0,4278000.0,2724.62,16685.97,5.33,3.5
2024-05-18,212.8,93066000.0,4343000.0,,,5.33,
2024-05-19,207.2,92185000.0,4268000.0,,,5.33,
2024-05-20,225.4,97260000.0,4992000.0,2742.14,16794.87,5.33,3.5
2024-05-21,234.8,96700000.0,5231000.0,2724.18,16832.62,5.33,3.5
2024-05-22,229.1,95421000.0,5152000.0,2723.46,16801.54,5.33,3.5
2024-05-23,223.3,94900000.0,5288000.0,2721.81,16736.03,5.33,3.5
2024-05-24,227.8,95214000.0,5177000.0,2687.6,16920.79,5.33,3.5
2024-05-25,241.5,96240000.0,5206000.0,,,5.33,
2024-05-26,231.7,95610000.0,5342000.0,,,5.33,
2024-05-27,233.9,96050000.0,5390000.0,2722.99,,5.33,3.5
2024-05-28,228.4,94600000.0,5325000.0,2722.85,17019.88,5.33,3.5
2024-05-29,227.7,93910000.0,5234000.0,2677.3,16920.58,5.33,3.5
2024-05-30,221.9,94943000.0,5212000.0,2635.44,16737.08,5.33,3.5
2024-05-31,222.3,94505000.0,5269000.0,2636.52,16735.02,5.33,3.5
2024-06-01,224.1,94720000.0,5341000.0,,,5.33,
2024-06-02,220.4,95000000.0,5300000.0,,,5.33,
2024-06-03,221.0,95994000.0,5259000.0,2682.52,16828.67,5.33,3.5
2024-06-04,223.4,97500000.0,5273000.0,2662.1,16857.05,5.33,3.5
2024-06-05,225.7,98385000.0,5345000.0,2689.5,17187.9,5.33,3.5
2024-06-06,222.6,98334000.0,5296000.0,,17173.12,5.33,
2024-06-07,209.9,97919000.0,5199000.0,2722.67,17133.13,5.33,3.5
2024-06-08,206.9,98125000.0,5212000.0,,,5.33,
2024-06-09,206.5,97983000.0,5208000.0,,,5.33,
2024-06-10,202.9,97276000.0,5135000.0,2701.17,17192.53,5.33,3.5
2024-06-11,195.9,95329000.0,4959000.0,2705.32,17343.55,5.33,3.5
2024-06-12,205.5,95934000.0,5006000.0,2728.17,17608.44,5.33,3.5
2024-06-13,199.9,94614000.0,4915000.0,2754.89,17667.56,5.33,3.5
2024-06-14,192.5,93978000.0,4957000.0,2758.42,17688.88,5.33,3.5
2024-06-15,193.8,93910000.0,5062000.0,,,5.33,
2024-06-16,193.4,94219000.0,5121000.0,,,5.33,
2024-06-17,181.6,93588000.0,4946000.0,2744.1,17857.02,5.33,3.5
2024-06-18,172.0,91649000.0,4900000.0,2763.92,17862.23,5.33,3.5
2024-06-19,172.9,91555000.0,5020000.0,2797.33,,5.33,3.5
2024-06-20,176.2,91780000.0,4973000.0,2807.63,17721.59,5.33,3.5
2024-06-21,175.0,90308000.0,4955000.0,2784.26,17689.36,5.33,3.5
2024-06-22,175.2,90874000.0,4945000.0,,,5.33,
2024-06-23,172.4,89046000.0,4820000.0,,,5.33,
2024-06-24,168.6,85496000.0,4753000.0,2764.73,17496.82,5.33,3.5
2024-06-25,178.4,87450000.0,4803000.0,2774.39,17717.65,5.33,3.5
2024-06-26,173.5,86027000.0,4766000.0,2792.05,17805.16,5.33,3.5
2024-06-27,178.9,86884000.0,4863000.0,2784.06,17858.68,5.33,3.5
2024-06-28,173.6,85158000.0,4761000.0,2797.82,17732.6,5.33,3.5
2024-06-29,171.6,85765000.0,4754000.0,,,5.33,
2024-06-30,174.5,87920000.0,4821000.0,,,5.33,
2024-07-01,173.5,88253000.0,4835000.0,2804.31,17879.3,5.33,3.5
2024-07-02,175.8,87248000.0,4811000.0,2780.86,18028.76,5.33,3.5
2024-07-03,168.0,85331000.0,4672000.0,2794.01,18188.3,5.33,3.5
2024-07-04,150.5,81680000.0,4379000.0,2824.94,,5.33,3.5
2024-07-05,150.9,81118000.0,4266000.0,2862.23,18352.76,5.33,3.5
2024-07-06,161.1,82826000.0,4365000.0,,,5.33,
2024-07-07,148.1,79397000.0,4164000.0,,,5.33,
2024-07-08,152.8,80534000.0,4290000.0,2857.76,18403.74,5.33,3.5
2024-07-09,152.2,82043000.0,4336000.0,2867.38,18429.29,5.33,3.5
2024-07-10,153.2,81896000.0,4397000.0,2867.99,18647.45,5.33,3.5
2024-07-11,150.9,81070000.0,4381000.0,2891.35,18283.41,5.33,3.5
2024-07-12,151.7,81540000.0,4413000.0,2857.0,18398.45,5.33,3.5
2024-07-13,157.4,82901000.0,4450000.0,,,5.33,
2024-07-14,161.9,85430000.0,4557000.0,,,5.33,
2024-07-16,174.3,90807000.0,4809000.0,2866.09,18509.34,5.33,3.5
2024-07-17,170.0,89467000.0,4730000.0,2843.29,17996.93,5.33,3.5
2024-07-18,168.0,89850000.0,4811000.0,2824.35,17871.22,5.33,3.5
2024-07-19,174.8,93004000.0,4888000.0,2795.46,17726.94,5.33,3.5
2024-07-20,188.0,94065000.0,4928000.0,,,5.33,
2024-07-21,195.5,95000000.0,4932000.0,,,5.33,
2024-07-22,192.6,94357000.0,4808000.0,2763.51,18007.57,5.33,3.5
2024-07-23,182.5,92230000.0,4870000.0,2774.29,17997.35,5.33,3.5
2024-07-24,179.0,91501000.0,4674000.0,2758.71,17342.41,5.33,3.5
2024-07-25,176.0,92465000.0,4463000.0,2710.65,17181.72,5.33,3.5
2024-07-26,187.3,94727000.0,4571000.0,2731.9,17357.88,5.33,3.5
2024-07-27,182.8,94292000.0,4515000.0,,,5.33,
2024-07-28,181.8,95363000.0,4569000.0,,,5.33,
2024-07-29,179.9,93618000.0,4641000.0,2765.53,17370.2,5.33,3.5
2024-07-30,176.0,92788000.0,4597000.0,2738.19,17147.42,5.33,3.5
2024-07-31,170.6,90345000.0,4518000.0,2770.69,17599.4,5.33,3.5
2024-08-01,167.2,91789000.0,4500000.0,2777.68,17194.14,5.33,3.5
2024-08-02,157.3,86691000.0,4213000.0,2676.19,16776.16,5.33,3.5
2024-08-03,153.1,85957000.0,4110000.0,,,5.33,
2024-08-04,145.8,81871000.0,3790000.0,,,5.33,
2024-08-05,136.1,77833000.0,3483000.0,2441.55,16200.08,5.33,3.5
2024-08-06,138.1,80224000.0,3526000.0,2522.15,16366.86,5.33,3.5
2024-08-07,135.8,78388000.0,3338000.0,2568.41,16195.81,5.33,3.5
2024-08-08,150.4,86397000.0,3757000.0,2556.73,16660.02,5.33,3.5
2024-08-09,146.1,85518000.0,3654000.0,2588.43,16745.3,5.33,3.5
2024-08-10,147.9,85669000.0,3669000.0,,,5.33,
2024-08-11,141.8,82815000.0,3601000.0,,,5.33,
2024-08-12,151.3,83221000.0,3817000.0,2618.3,16780.61,5.33,3.5
2024-08-13,148.6,84600000.0,3774000.0,2621.5,17187.61,5.33,3.5
2024-08-14,143.8,82457000.0,3732000.0,2644.5,17192.6,5.33,3.5
2024-08-15,141.0,81004000.0,3616000.0,,17594.5,5.33,
2024-08-16,140.5,82209000.0,3623000.0,2697.23,17631.72,5.33,3.5
2024-08-17,143.0,82849000.0,3638000.0,,,5.33,
2024-08-18,139.5,81500000.0,3640000.0,,,5.33,
2024-08-19,139.1,81680000.0,3620000.0,2674.36,17876.77,5.33,3.5
2024-08-20,140.7,80751000.0,3522000.0,2696.63,17816.94,5.33,3.5
2024-08-21,143.8,82900000.0,3564000.0,2701.13,17918.99,5.33,3.5
2024-08-22,142.9,82003000.0,3557000.0,2707.67,17619.35,5.33,3.5
2024-08-23,150.8,85600000.0,3690000.0,2701.69,17877.79,5.33,3.5
2024-08-24,150.6,85767000.0,3701000.0,,,5.33,
2024-08-25,147.2,86254000.0,3689000.0,,,5.33,
2024-08-26,141.4,84408000.0,3605000.0,2698.01,17725.77,5.33,3.5
2024-08-27,134.7,80950000.0,3346000.0,2689.25,17754.82,5.33,3.5
2024-08-28,135.9,80569000.0,3445000.0,2689.83,17556.03,5.33,3.5
2024-08-29,136.5,80790000.0,3437000.0,2662.28,17516.43,5.33,3.5
2024-08-30,138.4,80439000.0,3435000.0,2674.31,17713.62,5.33,3.5
2024-08-31,137.8,80262000.0,3419000.0,,,5.33,
2024-09-01,130.1,78301000.0,3317000.0,,,5.33,
2024-09-02,134.4,80205000.0,3442000.0,2681.0,,5.33,3.5
2024-09-03,131.7,78272000.0,3304000.0,2664.63,17136.3,5.33,3.5
2024-09-04,132.9,78739000.0,3323000.0,2580.8,17084.3,5.33,3.5
2024-09-05,133.7,76330000.0,3220000.0,2575.5,17127.66,5.33,3.5
2024-09-06,126.4,73644000.0,3039000.0,2544.28,16690.83,5.33,3.5
2024-09-07,129.6,73640000.0,3088000.0,,,5.33,
2024-09-08,130.5,74437000.0,3118000.0,,,5.33,
2024-09-09,140.6,77275000.0,3196000.0,2535.93,16884.6,5.33,3.5
2024-09-10,139.3,78089000.0,3232000.0,2523.43,17025.88,5.33,3.5
2024-09-11,136.7,77301000.0,3158000.0,2513.37,17395.53,5.33,3.5
2024-09-12,138.2,78269000.0,3179000.0,2572.09,17569.68,5.33,3.5
2024-09-13,143.2,80930000.0,3267000.0,2575.41,17683.98,5.33,3.5
2024-09-14,141.5,80524000.0,3244000.0,,,5.33,
2024-09-15,138.7,79690000.0,3125000.0,,,5.33,
2024-09-16,134.3,78469000.0,3094000.0,,17592.13,5.33,
2024-09-17,136.0,81116000.0,3147000.0,,17628.06,5.33,
2024-09-18,139.0,82604000.0,3179000.0,,17573.3,5.33,
2024-09-19,140.1,83892000.0,3286000.0,2580.8,18013.98,4.83,3.5
2024-09-20,141.0,84385000.0,3423000.0,2593.37,17948.32,4.83,3.5
2024-09-21,146.5,84425000.0,3482000.0,,,4.83,
2024-09-22,142.1,84829000.0,3451000.0,,,4.83,
2024-09-23,144.3,84631000.0,3538000.0,2602.01,17974.27,4.83,3.5
2024-09-24,145.5,85248000.0,3519000.0,2631.68,18074.52,4.83,3.5
2024-09-25,145.2,84362000.0,3449000.0,2596.32,18082.21,4.83,3.5
2024-09-26,155.9,86000000.0,3478000.0,2671.57,18190.29,4.83,3.5
2024-09-27,163.4,86958000.0,3560000.0,2649.78,18119.59,4.83,3.5
2024-09-28,168.5,86732000.0,3519000.0,,,4.83,
2024-09-29,163.0,85958000.0,3480000.0,,,4.83,
2024-09-30,151.3,83730000.0,3440000.0,2593.27,18189.17,4.83,3.5
2024-10-01,143.6,81500000.0,3281000.0,,17910.36,4.83,
2024-10-02,141.0,81707000.0,3188000.0,2561.69,17925.12,4.83,3.5
2024-10-03,142.5,82424000.0,3189000.0,,17918.48,4.83,
2024-10-04,147.5,83805000.0,3261000.0,2569.71,18137.85,4.83,3.5
2024-10-05,148.0,83956000.0,3271000.0,,,4.83,
2024-10-06,150.0,84533000.0,3282000.0,,,4.83,
2024-10-07,146.5,83942000.0,3269000.0,2610.38,17923.9,4.83,3.5
2024-10-08,145.0,84139000.0,3305000.0,2594.36,18182.92,4.83,3.5
2024-10-09,146.6,82385000.0,3219000.0,,18291.62,4.83,
2024-10-10,144.2,82131000.0,3246000.0,2599.16,18282.05,4.83,3.5
2024-10-11,149.7,84451000.0,3292000.0,2596.91,18342.94,4.83,3.25
2024-10-12,149.9,84956000.0,3330000.0,,,4.83,
2024-10-13,150.3,84806000.0,3329000.0,,,4.83,
2024-10-14,156.5,88640000.0,3528000.0,2623.29,18502.69,4.83,3.25
2024-10-15,158.7,90600000.0,3524000.0,2633.45,18315.59,4.83,3.25
2024-10-16,170.4,91610000.0,3541000.0,2610.36,18367.08,4.83,3.25
2024-10-17,176.3,91725000.0,3550000.0,2609.3,18373.61,4.83,3.25
2024-10-18,187.0,93330000.0,3601000.0,2593.82,18489.55,4.83,3.25
2024-10-19,196.9,93322000.0,3615000.0,,,4.83,
2024-10-20,193.6,93901000.0,3738000.0,,,4.83,
2024-10-21,196.7,92161000.0,3651000.0,2604.92,18540.01,4.83,3.25
2024-10-22,192.9,92877000.0,3612000.0,2570.7,18573.13,4.83,3.25
2024-10-23,193.9,92375000.0,3499000.0,2599.62,18276.65,4.83,3.25
2024-10-24,195.6,94077000.0,3500000.0,2581.03,18415.49,4.83,3.25
2024-10-25,185.2,93762000.0,3433000.0,2583.27,18518.61,4.83,3.25
2024-10-26,192.4,93993000.0,3475000.0,,,4.83,
2024-10-27,201.2,94819000.0,3496000.0,,,4.83,
2024-10-28,224.9,97401000.0,3579000.0,2612.43,18567.19,4.83,3.25
2024-10-29,245.2,101305000.0,3674000.0,2617.8,18712.75,4.83,3.25
2024-10-30,234.2,100571000.0,3695000.0,2593.79,18607.93,4.83,3.25
2024-10-31,225.5,98112000.0,3514000.0,2556.15,18095.15,4.83,3.25
2024-11-01,222.9,97285000.0,3516000.0,2542.36,18239.92,4.83,3.25
2024-11-02,223.5,97205000.0,3496000.0,,,4.83,
2024-11-03,211.2,95883000.0,3426000.0,,,4.83,
2024-11-04,219.9,94289000.0,3335000.0,2588.97,18179.98,4.83,3.25
2024-11-05,236.0,96170000.0,3364000.0,2576.88,18439.17,4.83,3.25
2024-11-06,271.4,104085000.0,3755000.0,2563.51,18983.46,4.83,3.25
2024-11-07,265.5,104115000.0,3981000.0,2564.63,19269.46,4.83,3.25
2024-11-08,281.6,106843000.0,4136000.0,2561.15,19286.78,4.58,3.25
2024-11-09,303.1,106294000.0,4332000.0,,,4.58,
2024-11-10,385.0,111440000.0,4411000.0,,,4.58,
2024-11-11,494.5,124503000.0,4725000.0,2531.66,19298.76,4.58,3.25
2024-11-12,539.6,124967000.0,4614000.0,2482.57,19281.4,4.58,3.25
2024-11-13,565.6,128111000.0,4524000.0,2417.08,19230.72,4.58,3.25
2024-11-14,516.1,123572000.0,4331000.0,2418.86,19107.65,4.58,3.25
2024-11-15,536.4,128236000.0,4359000.0,2416.86,18680.12,4.58,3.25
2024-11-16,511.3,127071000.0,4402000.0,,,4.58,
2024-11-17,516.4,126472000.0,4329000.0,,,4.58,
2024-11-18,521.0,127142000.0,4511000.0,2469.07,18791.81,4.58,3.25
2024-11-19,548.9,129720000.0,4372000.0,2471.95,18987.47,4.58,3.25
2024-11-20,533.7,133180000.0,4338000.0,2482.29,18966.14,4.58,3.25
2024-11-21,540.2,137050000.0,4685000.0,2480.63,18972.42,4.58,3.25
2024-11-22,571.0,136879000.0,4614000.0,2501.24,19003.65,4.58,3.25
2024-11-23,600.5,136000000.0,4727000.0,,,4.58,
2024-11-24,597.9,136096000.0,4672000.0,,,4.58,
2024-11-25,547.8,129791000.0,4759000.0,2534.34,19054.84,4.58,3.25
2024-11-26,541.3,128783000.0,4654000.0,2520.36,19175.58,4.58,3.25
2024-11-27,556.3,132999000.0,5070000.0,2503.06,19060.48,4.58,3.25
2024-11-28,559.2,133138000.0,4988000.0,2504.67,,4.58,3.0
2024-11-29,587.9,134542000.0,4966000.0,2455.91,19218.17,4.58,3.0
2024-11-30,585.2,133701000.0,5133000.0,,,4.58,
2024-12-01,606.3,133802000.0,5105000.0,,,4.58,
2024-12-02,591.7,133535000.0,5085000.0,2454.48,19403.95,4.58,3.0
2024-12-03,567.4,133700000.0,5051000.0,2500.1,19480.91,4.58,3.0
2024-12-04,610.5,138760000.0,5402000.0,2464.0,19735.12,4.58,3.0
2024-12-05,604.7,137501000.0,5364000.0,2441.85,19700.72,4.58,3.0
2024-12-06,606.9,139340000.0,5581000.0,2428.16,19859.77,4.58,3.0
2024-12-07,629.9,138960000.0,5562000.0,,,4.58,
2024-12-08,651.0,141005000.0,5591000.0,,,4.58,
2024-12-09,592.1,138864000.0,5300000.0,2360.58,19736.69,4.58,3.0
2024-12-10,564.8,138205000.0,5194000.0,2417.84,19687.24,4.58,3.0
2024-12-11,585.6,143111000.0,5423000.0,2442.51,20034.89,4.58,3.0
2024-12-12,579.9,142757000.0,5544000.0,2482.12,19902.84,4.58,3.0
2024-12-13,582.1,144402000.0,5567000.0,2494.46,19926.72,4.58,3.0
2024-12-14,572.4,145927000.0,5567000.0,,,4.58,
2024-12-15,581.0,149243000.0,5651000.0,,,4.58,
2024-12-16,581.6,153403000.0,5774000.0,2488.97,20173.89,4.58,3.0
2024-12-17,577.5,155223000.0,5701000.0,2456.81,20109.06,4.58,3.0
2024-12-18,528.6,147754000.0,5351000.0,2484.43,19392.69,4.58,3.0
2024-12-19,476.3,147474000.0,5170000.0,2435.93,19372.77,4.33,3.0
2024-12-20,481.8,148138000.0,5256000.0,2404.15,19572.6,4.33,3.0
2024-12-21,486.8,147830000.0,5078000.0,,,4.33,
2024-12-22,475.9,144800000.0,4989000.0,,,4.33,
2024-12-23,489.4,142901000.0,5154000.0,2442.01,19764.88,4.33,3.0
2024-12-24,501.1,146831000.0,5195000.0,2440.52,20031.13,4.33,3.0
2024-12-25,497.7,148081000.0,5207000.0,,,4.33,
2024-12-26,470.8,144076000.0,5013000.0,2429.67,20020.36,4.33,3.0
2024-12-27,469.8,142111000.0,5019000.0,2404.77,19722.03,4.33,3.0
2024-12-28,484.1,142302000.0,5083000.0,,,4.33,
2024-12-29,468.9,139735000.0,5004000.0,,,4.33,
2024-12-30,466.8,137892000.0,4994000.0,2399.49,19486.79,4.33,3.0
2024-12-31,471.1,139257000.0,4978000.0,,19310.79,4.33,3.0
2025-01-01,485.7,141320000.0,5021000.0,,,4.33,
2025-01-02,502.9,143848000.0,5132000.0,2398.94,19280.79,4.33,3.0
2025-01-03,559.7,144655000.0,5312000.0,2441.92,19621.68,4.33,3.0
2025-01-04,581.2,144745000.0,5382000.0,,,4.33,
2025-01-05,562.6,144700000.0,5350000.0,,,4.33,
2025-01-06,569.8,150264000.0,5413000.0,2488.64,19864.98,4.33,3.0
2025-01-07,520.7,144789000.0,5059000.0,2492.1,19489.68,4.33,3.0
2025-01-08,513.2,142368000.0,4985000.0,2521.05,19478.88,4.33,3.0
2025-01-09,484.8,139740000.0,4864000.0,2521.9,,4.33,3.0
2025-01-10,502.1,142457000.0,4915000.0,2515.78,19161.63,4.33,3.0
2025-01-11,510.4,141771000.0,4915000.0,,,4.33,
2025-01-12,504.4,142086000.0,4909000.0,,,4.33,
2025-01-13,508.2,142108000.0,4717000.0,2489.56,19088.1,4.33,3.0
2025-01-14,528.3,143501000.0,4791000.0,2497.4,19044.39,4.33,3.0
2025-01-15,564.8,147309000.0,5057000.0,2496.81,19511.23,4.33,3.0
2025-01-16,552.3,146670000.0,4858000.0,2527.49,19338.29,4.33,3.0
2025-01-17,608.5,152345000.0,5085000.0,2523.55,19630.2,4.33,3.0
2025-01-18,590.0,155801000.0,4929000.0,,,4.33,
2025-01-19,547.6,154000000.0,4892000.0,,,4.33,
2025-01-20,531.8,153225000.0,4923000.0,2520.05,,4.33,3.0
2025-01-21,552.7,157571000.0,4939000.0,2518.03,19756.78,4.33,3.0
2025-01-22,542.2,154999000.0,4846000.0,2547.06,20009.34,4.33,3.0
2025-01-23,525.1,155112000.0,4976000.0,2515.49,20053.68,4.33,3.0
2025-01-24,526.6,157146000.0,4968000.0,2536.8,19954.3,4.33,3.0
2025-01-25,530.3,157200000.0,4985000.0,,,4.33,
2025-01-26,512.9,156100000.0,4923000.0,,,4.33,
2025-01-27,506.9,154919000.0,4835000.0,,19341.83,4.33,
2025-01-28,491.2,155919000.0,4741000.0,,19733.59,4.33,
2025-01-29,497.3,158859000.0,4776000.0,,19632.32,4.33,
2025-01-30,500.6,158139000.0,4898000.0,,19681.75,4.33,
2025-01-31,502.1,156580000.0,5042000.0,2517.37,19627.44,4.33,3.0
