date,btc_price,eth_price,doge_price,kospi,nasdaq,kor_rate,usa_rate
2023-01-01,21123000.0,1528000.0,89.3,2236.4,10466.48,3.25,4.33
2023-01-02,21215000.0,1543500.0,90.8,2225.67,10466.48,3.25,4.33
2023-01-03,21351000.0,1554500.0,90.2,2218.68,10386.99,3.25,4.33
2023-01-04,21588000.0,1610000.0,93.7,2255.98,10458.76,3.25,4.33
2023-01-05,21575000.0,1602500.0,91.8,2264.65,10305.24,3.25,4.33
2023-01-06,21517000.0,1610000.0,91.9,2289.97,10569.29,3.25,4.33
2023-01-07,21539000.0,1609000.0,91.9,2289.97,10569.29,3.25,4.33
2023-01-08,21704000.0,1634500.0,93.3,2289.97,10569.29,3.25,4.33
2023-01-09,21655000.0,1663500.0,95.4,2350.19,10635.65,3.25,4.33
2023-01-10,21916000.0,1680500.0,97.9,2351.31,10742.63,3.25,4.33
2023-01-11,22485000.0,1739500.0,98.0,2359.53,10931.67,3.25,4.33
2023-01-12,23552000.0,1770500.0,100.0,2365.1,11001.11,3.25,4.33
2023-01-13,24802000.0,1807000.0,105.0,2386.09,11079.16,3.5,4.33
2023-01-14,25881000.0,1912000.0,107.0,2386.09,11079.16,3.5,4.33
2023-01-15,25836000.0,1921000.0,106.0,2386.09,11079.16,3.5,4.33
2023-01-16,26368000.0,1961000.0,104.0,2399.86,11079.16,3.5,4.33
2023-01-17,26255000.0,1945000.0,103.0,2379.39,11095.11,3.5,4.33
2023-01-18,25718000.0,1881000.0,99.7,2368.32,10957.01,3.5,4.33
2023-01-19,26205000.0,1931500.0,101.0,2380.34,10852.27,3.5,4.33
2023-01-20,28026000.0,2050000.0,106.0,2395.26,11140.43,3.5,4.33
2023-01-21,28333000.0,2025000.0,106.0,2395.26,11140.43,3.5,4.33
2023-01-22,28390000.0,2036000.0,110.0,2395.26,11140.43,3.5,4.33
2023-01-23,28609000.0,2032000.0,110.0,2395.26,11364.41,3.5,4.33
2023-01-24,28351000.0,1951500.0,106.0,2395.26,11334.27,3.5,4.33
2023-01-25,28736000.0,2008000.0,107.0,2428.57,11313.36,3.5,4.33
2023-01-26,28930000.0,2014000.0,108.0,2468.65,11512.41,3.5,4.33
2023-01-27,28950000.0,2005000.0,109.0,2484.02,11621.71,3.5,4.33
2023-01-28,29063000.0,1987000.0,110.0,2484.02,11621.71,3.5,4.33
2023-01-29,29670000.0,2055000.0,113.0,2484.02,11621.71,3.5,4.33
2023-01-30,28706000.0,1969500.0,111.0,2450.47,11393.81,3.5,4.33
2023-01-31,29064000.0,1992500.0,121.0,2425.08,11584.55,3.5,4.33
2023-02-01,29620000.0,2048000.0,117.0,2449.8,11816.32,3.5,4.33
2023-02-02,29600000.0,2072000.0,114.0,2468.88,12200.82,3.5,4.58
2023-02-03,29432000.0,2091000.0,116.0,2480.4,12006.96,3.5,4.58
2023-02-04,29420000.0,2098000.0,120.0,2480.4,12006.96,3.5,4.58
2023-02-05,28990000.0,2058000.0,117.0,2480.4,12006.96,3.5,4.58
2023-02-06,29222000.0,2070000.0,115.0,2438.19,11887.45,3.5,4.58
2023-02-07,29452000.0,2116000.0,117.0,2451.71,12113.79,3.5,4.58
2023-02-08,29303000.0,2105000.0,115.0,2483.64,11910.52,3.5,4.58
2023-02-09,28193000.0,1997500.0,106.0,2481.52,11789.58,3.5,4.57
2023-02-10,28120000.0,1968500.0,105.0,2469.73,11718.12,3.5,4.58
2023-02-11,28377000.0,1996500.0,107.0,2469.73,11718.12,3.5,4.58
2023-02-12,28263000.0,1965500.0,106.0,2469.73,11718.12,3.5,4.58
2023-02-13,28309000.0,1957500.0,107.0,2452.7,11891.79,3.5,4.58
2023-02-14,28798000.0,2016000.0,109.0,2465.64,11960.14,3.5,4.58
2023-02-15,31186000.0,2148000.0,114.0,2427.9,12070.59,3.5,4.58
2023-02-16,30451000.0,2119000.0,109.0,2475.48,11855.83,3.5,4.58
2023-02-17,31641000.0,2182000.0,113.0,2451.21,11787.27,3.5,4.58
2023-02-18,31789000.0,2183000.0,114.0,2451.21,11787.27,3.5,4.58
2023-02-19,31435000.0,2176000.0,112.0,2451.21,11787.27,3.5,4.58
2023-02-20,31883000.0,2187000.0,113.0,2455.12,11787.27,3.5,4.58
2023-02-21,31736000.0,2153000.0,111.0,2458.96,11492.3,3.5,4.58
2023-02-22,31619000.0,2151000.0,111.0,2417.68,11507.07,3.5,4.58
2023-02-23,31398000.0,2164000.0,110.0,2439.09,11590.4,3.5,4.58
2023-02-24,30877000.0,2142000.0,108.0,2423.61,11394.94,3.5,4.58
2023-02-25,30959000.0,2132000.0,107.0,2423.61,11394.94,3.5,4.58
2023-02-26,31279000.0,2178000.0,110.0,2423.61,11394.94,3.5,4.58
2023-02-27,31255000.0,2174000.0,108.0,2402.64,11466.98,3.5,4.57
2023-02-28,31024000.0,2150000.0,108.0,2412.85,11455.54,3.5,4.57
2023-03-01,31106000.0,2194000.0,108.0,2412.85,11379.48,3.5,4.58
2023-03-02,31109000.0,2183000.0,106.0,2427.85,11462.98,3.5,4.57
2023-03-03,29709000.0,2084000.0,102.0,2432.07,11689.01,3.5,4.57
2023-03-04,29838000.0,2092000.0,99.7,2432.07,11689.01,3.5,4.57
2023-03-05,29982000.0,2092000.0,100.0,2432.07,11689.01,3.5,4.57
2023-03-06,29769000.0,2080000.0,99.3,2462.62,11675.74,3.5,4.57
2023-03-07,29579000.0,2077000.0,98.7,2463.35,11530.33,3.5,4.57
2023-03-08,29023000.0,2050000.0,95.2,2431.91,11576.0,3.5,4.57
2023-03-09,27604000.0,1948000.0,89.4,2419.09,11338.36,3.5,4.57
2023-03-10,27343000.0,1936000.0,89.4,2394.59,11138.89,3.5,4.57
2023-03-11,27737000.0,1993500.0,89.6,2394.59,11138.89,3.5,4.57
2023-03-12,29199000.0,2098000.0,93.6,2394.59,11138.89,3.5,4.57
2023-03-13,31676000.0,2200000.0,95.7,2410.6,11188.84,3.5,4.58
2023-03-14,32490000.0,2235000.0,98.1,2348.97,11428.15,3.5,4.58
2023-03-15,32511000.0,2209000.0,93.2,2379.72,11434.05,3.5,4.58
2023-03-16,33335000.0,2230000.0,96.6,2377.91,11717.28,3.5,4.58
2023-03-17,36207000.0,2361000.0,100.0,2395.69,11630.51,3.5,4.58
2023-03-18,35767000.0,2338000.0,97.1,2395.69,11630.51,3.5,4.58
2023-03-19,37233000.0,2371000.0,99.3,2395.69,11630.51,3.5,4.58
2023-03-20,37295000.0,2328000.0,96.1,2379.2,11675.54,3.5,4.58
2023-03-21,37221000.0,2385000.0,101.0,2388.35,11860.11,3.5,4.58
2023-03-22,36372000.0,2312000.0,98.5,2416.96,11669.96,3.5,4.58
2023-03-23,37274000.0,2390000.0,102.0,2424.48,11787.4,3.5,4.83
2023-03-24,36749000.0,2344000.0,99.9,2414.96,11823.96,3.5,4.83
2023-03-25,36750000.0,2328000.0,99.1,2414.96,11823.96,3.5,4.83
2023-03-26,37160000.0,2354000.0,98.9,2414.96,11823.96,3.5,4.83
2023-03-27,36110000.0,2287000.0,97.0,2409.22,11768.84,3.5,4.83
2023-03-28,36026000.0,2340000.0,97.6,2434.94,11716.08,3.5,4.83
2023-03-29,37401000.0,2369000.0,99.7,2443.92,11926.24,3.5,4.83
2023-03-30,37157000.0,2377000.0,98.4,2453.16,12013.47,3.5,4.83
2023-03-31,37540000.0,2402000.0,101.0,2476.86,12221.91,3.5,4.83
2023-04-01,37585000.0,2406000.0,107.0,2476.86,12221.91,3.5,4.83
2023-04-02,37301000.0,2375000.0,104.0,2476.86,12221.91,3.5,4.83
2023-04-03,36814000.0,2395000.0,127.0,2472.34,12189.45,3.5,4.83
2023-04-04,37205000.0,2471000.0,125.0,2480.51,12126.33,3.5,4.83
2023-04-05,37139000.0,2516000.0,123.0,2495.21,11996.86,3.5,4.83
2023-04-06,37058000.0,2475000.0,113.0,2459.23,12087.96,3.5,4.83
2023-04-07,36993000.0,2471000.0,109.0,2490.41,12087.96,3.5,4.83
2023-04-08,37080000.0,2454000.0,108.0,2490.41,12087.96,3.5,4.83
2023-04-09,37313000.0,2450000.0,110.0,2490.41,12087.96,3.5,4.83
2023-04-10,38985000.0,2511000.0,111.0,2512.08,12084.36,3.5,4.83
2023-04-11,40004000.0,2505000.0,111.0,2547.86,12031.88,3.5,4.83
2023-04-12,39699000.0,2537000.0,110.0,2550.64,11929.34,3.5,4.83
2023-04-13,39911000.0,2641000.0,114.0,2561.66,12166.27,3.5,4.83
2023-04-14,39804000.0,2745000.0,115.0,2571.49,12123.46,3.5,4.83
2023-04-15,39800000.0,2750000.0,117.0,2571.49,12123.46,3.5,4.83
2023-04-16,39607000.0,2765000.0,119.0,2571.49,12123.46,3.5,4.83
2023-04-17,38700000.0,2727000.0,121.0,2575.91,12157.72,3.5,4.83
2023-04-18,39630000.0,2744000.0,122.0,2571.09,12153.41,3.5,4.83
2023-04-19,38300000.0,2576000.0,116.0,2575.08,12157.23,3.5,4.83
2023-04-20,37672000.0,2588000.0,112.0,2563.11,12059.56,3.5,4.83
2023-04-21,36337000.0,2464000.0,105.0,2544.4,12072.46,3.5,4.83
2023-04-22,37182000.0,2509000.0,108.0,2544.4,12072.46,3.5,4.83
2023-04-23,36802000.0,2487000.0,106.0,2544.4,12072.46,3.5,4.83
2023-04-24,36750000.0,2460000.0,106.0,2523.5,12037.2,3.5,4.83
2023-04-25,37877000.0,2499000.0,107.0,2489.02,11799.16,3.5,4.83
2023-04-26,38017000.0,2498000.0,106.0,2484.83,11854.35,3.5,4.83
2023-04-27,39258000.0,2544000.0,106.0,2495.81,12142.24,3.5,4.83
2023-04-28,39083000.0,2523000.0,107.0,2501.53,12226.58,3.5,4.83
2023-04-29,38965000.0,2541000.0,108.0,2501.53,12226.58,3.5,4.83
2023-04-30,39149000.0,2506000.0,106.0,2501.53,12226.58,3.5,4.83
2023-05-01,37769000.0,2461000.0,105.0,2501.53,12212.6,3.5,4.83
2023-05-02,38405000.0,2504000.0,106.0,2524.39,12080.51,3.5,4.83
2023-05-03,38703000.0,2542000.0,107.0,2501.4,12025.33,3.5,4.83
2023-05-04,38580000.0,2509000.0,104.0,2500.94,11966.4,3.5,5.08
2023-05-05,39053000.0,2639000.0,106.0,2500.94,12235.41,3.5,5.08
2023-05-06,38677000.0,2540000.0,103.0,2500.94,12235.41,3.5,5.08
2023-05-07,38143000.0,2510000.0,102.0,2500.94,12235.41,3.5,5.08
2023-05-08,37255000.0,2486000.0,97.6,2513.21,12256.92,3.5,5.08
2023-05-09,37150000.0,2483000.0,98.2,2510.06,12179.55,3.5,5.08
2023-05-10,37071000.0,2469000.0,98.1,2496.51,12306.44,3.5,5.08
2023-05-11,36411000.0,2421000.0,97.0,2491.0,12328.51,3.5,5.08
2023-05-12,36341000.0,2452000.0,98.1,2475.42,12284.74,3.5,5.08
2023-05-13,36374000.0,2441000.0,97.4,2475.42,12284.74,3.5,5.08
2023-05-14,36415000.0,2436000.0,97.3,2475.42,12284.74,3.5,5.08
2023-05-15,36632000.0,2448000.0,97.0,2479.35,12365.21,3.5,5.08
2023-05-16,36421000.0,2455000.0,97.9,2480.24,12343.05,3.5,5.08
2023-05-17,36700000.0,2442000.0,100.0,2494.66,12500.57,3.5,5.08
2023-05-18,36240000.0,2432000.0,99.2,2515.4,12688.84,3.5,5.08
2023-05-19,36156000.0,2435000.0,98.9,2537.79,12657.9,3.5,5.08
2023-05-20,36385000.0,2444000.0,98.8,2537.79,12657.9,3.5,5.08
2023-05-21,36051000.0,2430000.0,97.3,2537.79,12657.9,3.5,5.08
2023-05-22,35947000.0,2431000.0,97.6,2557.08,12720.78,3.5,5.08
2023-05-23,36381000.0,2478000.0,97.3,2567.55,12560.25,3.5,5.08
2023-05-24,35452000.0,2420000.0,95.1,2567.45,12484.16,3.5,5.08
2023-05-25,35547000.0,2424000.0,95.0,2554.69,12698.09,3.5,5.08
2023-05-26,35771000.0,2448000.0,95.2,2558.81,12975.69,3.5,5.08
2023-05-27,35824000.0,2444000.0,96.7,2558.81,12975.69,3.5,5.08
2023-05-28,37350000.0,2542000.0,97.8,2558.81,12975.69,3.5,5.08
2023-05-29,36992000.0,2523000.0,97.4,2558.81,12975.69,3.5,5.08
2023-05-30,36914000.0,2528000.0,96.3,2585.52,13017.43,3.5,5.08
2023-05-31,36391000.0,2504000.0,95.7,2577.12,12935.29,3.5,5.08
2023-06-01,35823000.0,2485000.0,95.4,2569.17,13100.98,3.5,5.08
2023-06-02,36089000.0,2524000.0,96.1,2601.36,13240.77,3.5,5.08
2023-06-03,35888000.0,2507000.0,96.2,2601.36,13240.77,3.5,5.08
2023-06-04,35865000.0,2502000.0,95.9,2601.36,13240.77,3.5,5.08
2023-06-05,34298000.0,2414000.0,88.7,2615.41,13229.43,3.5,5.08
2023-06-06,35852000.0,2482000.0,92.5,2615.41,13276.42,3.5,5.08
2023-06-07,34952000.0,2430000.0,89.2,2615.6,13104.89,3.5,5.08
2023-06-08,34996000.0,2438000.0,89.7,2610.85,13238.52,3.5,5.08
2023-06-09,34865000.0,2421000.0,91.4,2641.16,13259.14,3.5,5.08
2023-06-10,34372000.0,2329000.0,82.1,2641.16,13259.14,3.5,5.08
2023-06-11,34345000.0,2324000.0,81.5,2641.16,13259.14,3.5,5.08
2023-06-12,34059000.0,2293000.0,80.8,2629.35,13461.92,3.5,5.08
2023-06-13,33913000.0,2273000.0,80.6,2637.95,13573.32,3.5,5.08
2023-06-14,33007000.0,2168000.0,79.3,2619.08,13626.48,3.5,5.08
2023-06-15,33449000.0,2179000.0,80.4,2608.54,13782.82,3.5,5.07
2023-06-16,34501000.0,2253000.0,81.6,2625.79,13689.57,3.5,5.08
2023-06-17,34780000.0,2267000.0,81.7,2625.79,13689.57,3.5,5.08
2023-06-18,34466000.0,2253000.0,81.3,2625.79,13689.57,3.5,5.08
2023-06-19,35092000.0,2269000.0,81.5,2609.5,13689.57,3.5,5.08
2023-06-20,36946000.0,2339000.0,82.4,2604.91,13667.29,3.5,5.07
2023-06-21,39135000.0,2469000.0,85.7,2582.63,13502.2,3.5,5.07
2023-06-22,39125000.0,2451000.0,85.9,2593.7,13630.61,3.5,5.07
2023-06-23,40651000.0,2509000.0,90.4,2570.1,13492.52,3.5,5.07
2023-06-24,40659000.0,2499000.0,88.9,2570.1,13492.52,3.5,5.07
2023-06-25,40352000.0,2514000.0,88.3,2570.1,13492.52,3.5,5.07
2023-06-26,40077000.0,2466000.0,85.9,2582.2,13335.78,3.5,5.07
2023-06-27,40585000.0,2498000.0,86.6,2581.39,13555.67,3.5,5.07
2023-06-28,40020000.0,2431000.0,83.2,2564.19,13591.75,3.5,5.07
2023-06-29,40583000.0,2469000.0,84.6,2550.02,13591.33,3.5,5.07
2023-06-30,40547000.0,2574000.0,88.6,2564.28,13787.92,3.5,5.08
2023-07-01,40691000.0,2563000.0,91.1,2564.28,13787.92,3.5,5.08
2023-07-02,40652000.0,2572000.0,90.2,2564.28,13787.92,3.5,5.08
2023-07-03,41200000.0,2582000.0,90.6,2602.47,13816.77,3.5,5.08
2023-07-04,40610000.0,2557000.0,91.0,2593.31,13816.77,3.5,5.08
2023-07-05,40385000.0,2531000.0,88.7,2579.0,13791.65,3.5,5.08
2023-07-06,39860000.0,2465000.0,86.5,2556.29,13679.04,3.5,5.08
2023-07-07,40240000.0,2481000.0,86.8,2526.71,13660.72,3.5,5.08
2023-07-08,40153000.0,2474000.0,87.1,2526.71,13660.72,3.5,5.08
2023-07-09,39832000.0,2460000.0,86.3,2526.71,13660.72,3.5,5.08
2023-07-10,40050000.0,2475000.0,85.8,2520.7,13685.48,3.5,5.07
2023-07-11,40117000.0,2461000.0,85.6,2562.49,13760.7,3.5,5.08
2023-07-12,39804000.0,2450000.0,85.2,2574.72,13918.96,3.5,5.08
2023-07-13,40112000.0,2553000.0,89.6,2591.23,14138.57,3.5,5.08
2023-07-14,39092000.0,2499000.0,88.3,2628.3,14113.7,3.5,5.08
2023-07-15,38889000.0,2479000.0,92.3,2628.3,14113.7,3.5,5.08
2023-07-16,38933000.0,2476000.0,89.5,2628.3,14113.7,3.5,5.08
2023-07-17,38742000.0,2455000.0,89.7,2619.0,14244.95,3.5,5.08
2023-07-18,38401000.0,2441000.0,88.3,2607.62,14353.64,3.5,5.08
2023-07-19,38323000.0,2423000.0,89.7,2608.24,14358.02,3.5,5.08
2023-07-20,38567000.0,2447000.0,91.4,2600.23,14063.31,3.5,5.08
2023-07-21,38829000.0,2456000.0,95.0,2609.76,14032.8,3.5,5.08
2023-07-22,38776000.0,2430000.0,91.8,2609.76,14032.8,3.5,5.08
2023-07-23,38945000.0,2444000.0,92.9,2609.76,14032.8,3.5,5.08
2023-07-24,37892000.0,2404000.0,96.4,2628.53,14058.87,3.5,5.08
2023-07-25,37910000.0,2411000.0,106.0,2636.46,14144.55,3.5,5.08
2023-07-26,37918000.0,2416000.0,100.0,2592.36,14127.28,3.5,5.08
2023-07-27,37874000.0,2414000.0,100.0,2603.81,14050.11,3.5,5.33
2023-07-28,37932000.0,2424000.0,99.8,2608.32,14316.66,3.5,5.33
2023-07-29,37901000.0,2426000.0,103.0,2608.32,14316.66,3.5,5.33
2023-07-30,37850000.0,2409000.0,101.0,2608.32,14316.66,3.5,5.33
2023-07-31,37929000.0,2409000.0,102.0,2632.58,14346.02,3.5,5.33
2023-08-01,38642000.0,2437000.0,101.0,2667.07,14283.91,3.5,5.33
2023-08-02,38358000.0,2420000.0,97.7,2616.47,13973.45,3.5,5.33
2023-08-03,38436000.0,2418000.0,97.0,2605.39,13959.71,3.5,5.33
2023-08-04,38492000.0,2420000.0,97.1,2602.8,13892.07,3.5,5.33
2023-08-05,38474000.0,2431000.0,100.0,2602.8,13892.07,3.5,5.33
2023-08-06,38605000.0,2427000.0,98.6,2602.8,13892.07,3.5,5.33
2023-08-07,38622000.0,2421000.0,97.3,2580.71,13977.13,3.5,5.33
2023-08-08,39437000.0,2455000.0,99.4,2573.98,13867.19,3.5,5.33
2023-08-09,39209000.0,2460000.0,99.9,2605.12,13705.08,3.5,5.33
2023-08-10,39119000.0,2460000.0,100.0,2601.56,13721.03,3.5,5.33
2023-08-11,39233000.0,2468000.0,101.0,2591.26,13644.85,3.5,5.33
2023-08-12,39283000.0,2469000.0,103.0,2591.26,13644.85,3.5,5.33
2023-08-13,39118000.0,2456000.0,100.0,2591.26,13644.85,3.5,5.33
2023-08-14,39288000.0,2464000.0,99.9,2570.87,13788.33,3.5,5.33
2023-08-15,39404000.0,2468000.0,95.9,2570.87,13631.05,3.5,5.33
2023-08-16,39001000.0,2453000.0,91.1,2525.64,13474.63,3.5,5.33
2023-08-17,36588000.0,2311000.0,84.1,2519.85,13316.93,3.5,5.33
2023-08-18,35890000.0,2289000.0,87.1,2504.5,13290.78,3.5,5.33
2023-08-19,36056000.0,2305000.0,88.1,2504.5,13290.78,3.5,5.33
2023-08-20,35949000.0,2312000.0,87.7,2504.5,13290.78,3.5,5.33
2023-08-21,35769000.0,2286000.0,85.7,2508.8,13497.59,3.5,5.33
2023-08-22,35684000.0,2241000.0,85.8,2515.74,13505.87,3.5,5.33
2023-08-23,35941000.0,2285000.0,86.8,2505.5,13721.03,3.5,5.33
2023-08-24,35635000.0,2262000.0,85.9,2537.68,13463.97,3.5,5.33
2023-08-25,35479000.0,2252000.0,85.9,2519.14,13590.65,3.5,5.33
2023-08-26,35398000.0,2242000.0,85.5,2519.14,13590.65,3.5,5.33
2023-08-27,35402000.0,2247000.0,85.6,2519.14,13590.65,3.5,5.33
2023-08-28,35335000.0,2234000.0,85.8,2543.41,13705.13,3.5,5.33
2023-08-29,37445000.0,2336000.0,89.6,2552.16,13943.76,3.5,5.33
2023-08-30,37109000.0,2319000.0,89.5,2561.22,14019.31,3.5,5.33
2023-08-31,35502000.0,2255000.0,87.2,2556.27,14034.97,3.5,5.33
2023-09-01,35350000.0,2232000.0,87.4,2563.71,14031.82,3.5,5.33
2023-09-02,35204000.0,2227000.0,86.6,2563.71,14031.82,3.5,5.33
2023-09-03,35308000.0,2225000.0,85.9,2563.71,14031.82,3.5,5.33
2023-09-04,35011000.0,2211000.0,85.7,2584.55,14031.82,3.5,5.33
2023-09-05,35056000.0,2220000.0,87.0,2582.18,14020.95,3.5,5.33
2023-09-06,35029000.0,2220000.0,86.5,2563.34,13872.47,3.5,5.33
2023-09-07,35615000.0,2238000.0,86.4,2548.26,13748.83,3.5,5.33
2023-09-08,35295000.0,2227000.0,86.6,2547.68,13761.53,3.5,5.33
2023-09-09,35280000.0,2227000.0,86.3,2547.68,13761.53,3.5,5.33
2023-09-10,35196000.0,2205000.0,83.6,2547.68,13761.53,3.5,5.33
2023-09-11,34327000.0,2117000.0,82.4,2556.88,13917.89,3.5,5.33
2023-09-12,35077000.0,2161000.0,82.8,2536.58,13773.62,3.5,5.33
2023-09-13,35497000.0,2177000.0,83.0,2534.7,13813.58,3.5,5.33
2023-09-14,35889000.0,2197000.0,83.8,2572.89,13926.05,3.5,5.33
2023-09-15,35928000.0,2215000.0,84.2,2601.28,13708.33,3.5,5.33
2023-09-16,35938000.0,2215000.0,84.1,2601.28,13708.33,3.5,5.33
2023-09-17,35758000.0,2187000.0,82.8,2601.28,13708.33,3.5,5.33
2023-09-18,36000000.0,2200000.0,83.2,2574.72,13710.24,3.5,5.33
2023-09-19,36500000.0,2205000.0,84.0,2559.21,13678.19,3.5,5.33
2023-09-20,36501000.0,2185000.0,84.1,2559.74,13469.13,3.5,5.33
2023-09-21,36012000.0,2146000.0,83.1,2514.97,13223.99,3.5,5.33
2023-09-22,35952000.0,2158000.0,83.3,2508.13,13211.81,3.5,5.33
2023-09-23,35960000.0,2158000.0,83.2,2508.13,13211.81,3.5,5.33
2023-09-24,35534000.0,2137000.0,82.2,2508.13,13211.81,3.5,5.33
2023-09-25,35491000.0,2141000.0,82.2,2495.76,13271.32,3.5,5.33
2023-09-26,35566000.0,2161000.0,82.2,2462.97,13063.61,3.5,5.33
2023-09-27,35982000.0,2181000.0,82.6,2465.07,13092.85,3.5,5.33
2023-09-28,36596000.0,2241000.0,83.3,2465.07,13201.28,3.5,5.33
2023-09-29,36444000.0,2256000.0,84.1,2465.07,13219.32,3.5,5.33
2023-09-30,36600000.0,2267000.0,84.1,2465.07,13219.32,3.5,5.33
2023-10-01,37789000.0,2340000.0,85.4,2465.07,13219.32,3.5,5.33
2023-10-02,37424000.0,2258000.0,84.4,2465.07,13307.77,3.5,5.33
2023-10-03,37197000.0,2247000.0,83.3,2465.07,13059.47,3.5,5.33
2023-10-04,37595000.0,2232000.0,83.2,2405.69,13236.01,3.5,5.33
2023-10-05,37258000.0,2191000.0,82.7,2403.6,13219.83,3.5,5.33
2023-10-06,37798000.0,2228000.0,83.2,2408.73,13431.34,3.5,5.33
2023-10-07,37902000.0,2218000.0,83.4,2408.73,13431.34,3.5,5.33
2023-10-08,37929000.0,2216000.0,82.9,2408.73,13431.34,3.5,5.33
2023-10-09,37595000.0,2155000.0,80.2,2408.73,13484.24,3.5,5.33
2023-10-10,37336000.0,2138000.0,80.6,2402.58,13562.84,3.5,5.33
2023-10-11,36671000.0,2140000.0,80.0,2450.08,13659.68,3.5,5.33
2023-10-12,36750000.0,2115000.0,79.5,2479.82,13574.22,3.5,5.33
2023-10-13,36968000.0,2134000.0,80.3,2456.15,13407.23,3.5,5.33
2023-10-14,36790000.0,2131000.0,81.9,2456.15,13407.23,3.5,5.33
2023-10-15,37086000.0,2127000.0,80.9,2456.15,13407.23,3.5,5.33
2023-10-16,38697000.0,2172000.0,81.6,2436.24,13567.98,3.5,5.33
2023-10-17,38652000.0,2129000.0,80.5,2460.17,13533.75,3.5,5.33
2023-10-18,38710000.0,2138000.0,80.1,2462.6,13314.3,3.5,5.33
2023-10-19,39000000.0,2129000.0,80.1,2415.8,13186.17,3.5,5.33
2023-10-20,40250000.0,2176000.0,81.2,2375.0,12983.81,3.5,5.33
2023-10-21,40400000.0,2199000.0,82.6,2375.0,12983.81,3.5,5.33
2023-10-22,40354000.0,2236000.0,83.0,2375.0,12983.81,3.5,5.33
2023-10-23,44179000.0,2361000.0,90.1,2357.02,13018.33,3.5,5.33
2023-10-24,45599000.0,2399000.0,89.5,2383.51,13139.88,3.5,5.33
2023-10-25,46484000.0,2409000.0,92.1,2363.17,12821.22,3.5,5.33
2023-10-26,46141000.0,2435000.0,96.9,2299.08,12595.61,3.5,5.33
2023-10-27,45980000.0,2415000.0,92.0,2302.81,12643.01,3.5,5.33
2023-10-28,46314000.0,2418000.0,93.8,2302.81,12643.01,3.5,5.33
2023-10-29,46825000.0,2436000.0,94.0,2302.81,12643.01,3.5,5.33
2023-10-30,46732000.0,2450000.0,94.4,2310.55,12789.48,3.5,5.33
2023-10-31,47030000.0,2464000.0,92.8,2277.99,12851.24,3.5,5.33
2023-11-01,48079000.0,2504000.0,93.5,2301.56,13061.47,3.5,5.33
2023-11-02,47516000.0,2447000.0,92.4,2343.12,13294.19,3.5,5.33
2023-11-03,46676000.0,2465000.0,91.5,2368.34,13478.28,3.5,5.33
2023-11-04,47050000.0,2489000.0,92.9,2368.34,13478.28,3.5,5.33
2023-11-05,47056000.0,2541000.0,95.5,2368.34,13478.28,3.5,5.33
2023-11-06,46781000.0,2536000.0,103.0,2502.37,13518.78,3.5,5.33
2023-11-07,47301000.0,2524000.0,98.3,2443.96,13639.86,3.5,5.33
2023-11-08,47458000.0,2518000.0,100.0,2421.62,13650.41,3.5,5.33
2023-11-09,49400000.0,2855000.0,99.1,2427.08,13521.45,3.5,5.33
2023-11-10,50030000.0,2792000.0,101.0,2409.66,13798.11,3.5,5.33
2023-11-11,49629000.0,2748000.0,105.0,2409.66,13798.11,3.5,5.33
2023-11-12,49418000.0,2724000.0,104.0,2409.66,13798.11,3.5,5.33
2023-11-13,49154000.0,2767000.0,100.0,2403.76,13767.74,3.5,5.33
2023-11-14,47969000.0,2673000.0,97.8,2433.25,14094.38,3.5,5.33
2023-11-15,50457000.0,2746000.0,102.0,2486.67,14103.84,3.5,5.33
2023-11-16,48868000.0,2654000.0,108.0,2488.18,14113.67,3.5,5.33
2023-11-17,49390000.0,2650000.0,117.0,2469.85,14125.48,3.5,5.33
2023-11-18,49165000.0,2638000.0,108.0,2469.85,14125.48,3.5,5.33
2023-11-19,49800000.0,2680000.0,108.0,2469.85,14125.48,3.5,5.33
2023-11-20,50170000.0,2708000.0,104.0,2491.2,14284.53,3.5,5.33
2023-11-21,48510000.0,2620000.0,97.3,2510.42,14199.98,3.5,5.33
2023-11-22,50042000.0,2761000.0,102.0,2511.7,14265.86,3.5,5.33
2023-11-23,49929000.0,2761000.0,102.0,2514.96,14265.86,3.5,5.33
2023-11-24,50601000.0,2790000.0,104.0,2496.63,14250.86,3.5,5.33
2023-11-25,50533000.0,2785000.0,106.0,2496.63,14250.86,3.5,5.33
2023-11-26,50210000.0,2768000.0,106.0,2496.63,14250.86,3.5,5.33
2023-11-27,50275000.0,2738000.0,106.0,2495.66,14241.02,3.5,5.33
2023-11-28,50576000.0,2740000.0,108.0,2521.76,14281.76,3.5,5.33
2023-11-29,50720000.0,2718000.0,108.0,2519.81,14258.49,3.5,5.33
2023-11-30,50586000.0,2750000.0,112.0,2535.29,14226.22,3.5,5.33
2023-12-01,51709000.0,2794000.0,113.0,2505.01,14305.03,3.5,5.33
2023-12-02,52603000.0,2886000.0,114.0,2505.01,14305.03,3.5,5.33
2023-12-03,53700000.0,2942000.0,115.0,2505.01,14305.03,3.5,5.33
2023-12-04,56920000.0,3037000.0,124.0,2514.95,14185.49,3.5,5.33
2023-12-05,60227000.0,3137000.0,128.0,2494.28,14229.91,3.5,5.33
2023-12-06,60314000.0,3081000.0,131.0,2495.38,14146.71,3.5,5.33
2023-12-07,59250000.0,3227000.0,131.0,2492.07,14339.99,3.5,5.33
2023-12-08,60142000.0,3215000.0,138.0,2517.85,14403.97,3.5,5.33
2023-12-09,60082000.0,3218000.0,135.0,2517.85,14403.97,3.5,5.33
2023-12-10,59835000.0,3213000.0,140.0,2517.85,14403.97,3.5,5.33
2023-12-11,56950000.0,3073000.0,130.0,2525.36,14432.49,3.5,5.33
2023-12-12,57605000.0,3061000.0,131.0,2535.27,14533.4,3.5,5.33
2023-12-13,59056000.0,3114000.0,134.0,2510.66,14733.96,3.5,5.33
2023-12-14,58735000.0,3159000.0,134.0,2544.18,14761.56,3.5,5.33
2023-12-15,58028000.0,3073000.0,129.0,2563.56,14813.92,3.5,5.33
2023-12-16,57935000.0,3056000.0,134.0,2563.56,14813.92,3.5,5.33
2023-12-17,56710000.0,3013000.0,128.0,2563.56,14813.92,3.5,5.33
2023-12-18,58130000.0,3024000.0,125.0,2566.86,14905.19,3.5,5.33
2023-12-19,57845000.0,2979000.0,124.0,2568.55,15003.22,3.5,5.33
2023-12-20,59351000.0,2991000.0,125.0,2614.3,14777.94,3.5,5.33
2023-12-21,59479000.0,3037000.0,130.0,2600.02,14963.87,3.5,5.33
2023-12-22,59532000.0,3150000.0,128.0,2599.51,14992.97,3.5,5.33
2023-12-23,59250000.0,3126000.0,126.0,2599.51,14992.97,3.5,5.33
2023-12-24,58002000.0,3050000.0,124.0,2599.51,14992.97,3.5,5.33
2023-12-25,58042000.0,3028000.0,126.0,2599.51,14992.97,3.5,5.33
2023-12-26,57032000.0,2994000.0,123.0,2602.59,15074.57,3.5,5.33
2023-12-27,57920000.0,3171000.0,125.0,2613.5,15099.18,3.5,5.33
2023-12-28,56907000.0,3131000.0,122.0,2655.28,15095.14,3.5,5.33
2023-12-29,56450000.0,3087000.0,122.0,2655.28,15011.35,3.5,5.33
2023-12-30,56639000.0,3081000.0,122.0,2655.28,15011.35,3.5,5.33
2023-12-31,57047000.0,3082000.0,121.0,2655.28,15011.35,3.5,5.33
2024-01-01,58839000.0,3136000.0,123.0,2655.28,15011.35,3.5,5.33
2024-01-02,60206000.0,3154000.0,123.0,2669.81,14765.94,3.5,5.33
2024-01-03,58581000.0,3024000.0,113.0,2607.31,14592.21,3.5,5.33
2024-01-04,59477000.0,3053000.0,114.0,2587.02,14510.3,3.5,5.33
2024-01-05,59351000.0,3050000.0,112.0,2578.08,14524.07,3.5,5.33
2024-01-06,59329000.0,3024000.0,109.0,2578.08,14524.07,3.5,5.33
2024-01-07,59108000.0,2995000.0,106.0,2578.08,14524.07,3.5,5.33
2024-01-08,63010000.0,3131000.0,109.0,2567.82,14843.77,3.5,5.33
2024-01-09,62014000.0,3156000.0,107.0,2561.24,14857.71,3.5,5.33
2024-01-10,63621000.0,3525000.0,114.0,2541.98,14969.65,3.5,5.33
2024-01-11,63550000.0,3593000.0,117.0,2540.27,14970.18,3.5,5.33
2024-01-12,59435000.0,3504000.0,111.0,2525.05,14972.76,3.5,5.33
2024-01-13,58968000.0,3549000.0,112.0,2525.05,14972.76,3.5,5.33
2024-01-14,57391000.0,3396000.0,110.0,2525.05,14972.76,3.5,5.33
2024-01-15,58354000.0,3451000.0,112.0,2525.99,14972.76,3.5,5.33
2024-01-16,59196000.0,3551000.0,111.0,2497.59,14944.35,3.5,5.33
2024-01-17,58776000.0,3483000.0,111.0,2435.9,14855.62,3.5,5.33
2024-01-18,57284000.0,3424000.0,108.0,2440.04,15055.65,3.5,5.33
2024-01-19,57739000.0,3454000.0,109.0,2472.74,15310.97,3.5,5.33
2024-01-20,57517000.0,3410000.0,121.0,2472.74,15310.97,3.5,5.33
2024-01-21,57387000.0,3391000.0,118.0,2472.74,15310.97,3.5,5.33
2024-01-22,54689000.0,3199000.0,112.0,2464.35,15360.29,3.5,5.33
2024-01-23,55389000.0,3117000.0,108.0,2478.61,15425.94,3.5,5.33
2024-01-24,55200000.0,3077000.0,109.0,2469.69,15481.92,3.5,5.33
2024-01-25,55101000.0,3060000.0,107.0,2470.34,15510.5,3.5,5.33
2024-01-26,57503000.0,3119000.0,109.0,2478.56,15455.36,3.5,5.33
2024-01-27,58086000.0,3129000.0,110.0,2478.56,15455.36,3.5,5.33
2024-01-28,57855000.0,3105000.0,108.4,2478.56,15455.36,3.5,5.33
2024-01-29,59101000.0,3165000.0,111.3,2500.65,15628.04,3.5,5.33
2024-01-30,58965000.0,3216000.0,109.4,2498.81,15509.9,3.5,5.33
2024-01-31,58738000.0,3150000.0,108.7,2497.09,15164.01,3.5,5.33
2024-02-01,59150000.0,3166000.0,109.0,2542.46,15361.64,3.5,5.33
2024-02-02,59299000.0,3169000.0,108.9,2615.31,15628.95,3.5,5.33
2024-02-03,59260000.0,3164000.0,108.4,2615.31,15628.95,3.5,5.33
2024-02-04,58811000.0,3160000.0,108.1,2615.31,15628.95,3.5,5.33
2024-02-05,58882000.0,3173000.0,108.0,2591.31,15597.68,3.5,5.33
2024-02-06,59039000.0,3249000.0,107.6,2576.2,15609.0,3.5,5.33
2024-02-07,60232000.0,3299000.0,108.9,2609.58,15756.64,3.5,5.33
2024-02-08,62011000.0,3316000.0,109.4,2620.32,15793.71,3.5,5.33
2024-02-09,63682000.0,3355000.0,110.1,2620.32,15990.66,3.5,5.33
2024-02-10,64549000.0,3378000.0,110.0,2620.32,15990.66,3.5,5.33
2024-02-11,65230000.0,3390000.0,109.9,2620.32,15990.66,3.5,5.33
2024-02-12,67002000.0,3570000.0,110.2,2620.32,15942.54,3.5,5.33
2024-02-13,67309000.0,3580000.0,109.8,2649.64,15655.6,3.5,5.33
2024-02-14,70199000.0,3764000.0,115.9,2620.42,15859.15,3.5,5.33
2024-02-15,71253000.0,3876000.0,117.3,2613.8,15906.17,3.5,5.33
2024-02-16,72128000.0,3877000.0,118.9,2648.76,15775.65,3.5,5.33
2024-02-17,71530000.0,3857000.0,115.7,2648.76,15775.65,3.5,5.33
2024-02-18,71964000.0,3976000.0,117.5,2648.76,15775.65,3.5,5.33
2024-02-19,71755000.0,4076000.0,123.9,2680.26,15775.65,3.5,5.33
2024-02-20,72191000.0,4162000.0,119.1,2657.79,15630.78,3.5,5.33
2024-02-21,72397000.0,4149000.0,118.1,2653.31,15580.87,3.5,5.33
2024-02-22,71601000.0,4147000.0,117.2,2664.27,16041.62,3.5,5.33
2024-02-23,70805000.0,4076000.0,117.9,2667.7,15996.82,3.5,5.33
2024-02-24,71107000.0,4127000.0,118.8,2667.7,15996.82,3.5,5.33
2024-02-25,71256000.0,4291000.0,118.5,2667.7,15996.82,3.5,5.33
2024-02-26,74742000.0,4358000.0,122.2,2647.08,15976.25,3.5,5.33
2024-02-27,78619000.0,4469000.0,134.3,2625.05,16035.3,3.5,5.33
2024-02-28,87634000.0,4751000.0,162.6,2652.29,15947.74,3.5,5.33
2024-02-29,85910000.0,4697000.0,164.9,2642.36,16091.92,3.5,5.33
2024-03-01,87397000.0,4807000.0,195.3,2642.36,16274.94,3.5,5.33
2024-03-02,86383000.0,4761000.0,198.1,2642.36,16274.94,3.5,5.33
2024-03-03,87982000.0,4869000.0,214.0,2642.36,16274.94,3.5,5.33
2024-03-04,95500000.0,5077000.0,254.8,2674.27,16207.51,3.5,5.33
2024-03-05,91275000.0,5085000.0,220.1,2649.4,15939.59,3.5,5.33
2024-03-06,93325000.0,5406000.0,223.4,2641.49,16031.54,3.5,5.33
2024-03-07,94060000.0,5446000.0,221.6,2647.62,16273.38,3.5,5.33
2024-03-08,96237000.0,5496000.0,232.7,2680.35,16085.11,3.5,5.33
2024-03-09,95946000.0,5480000.0,250.9,2680.35,16085.11,3.5,5.33
2024-03-10,97495000.0,5488000.0,240.5,2680.35,16085.11,3.5,5.33
2024-03-11,100404000.0,5659000.0,253.3,2659.84,16019.27,3.5,5.33
2024-03-12,101200000.0,5646000.0,238.4,2681.81,16265.64,3.5,5.33
2024-03-13,104122000.0,5711000.0,240.7,2693.57,16177.77,3.5,5.33
2024-03-14,102506000.0,5580000.0,254.3,2718.76,16128.53,3.5,5.33
2024-03-15,101000000.0,5436000.0,238.2,2666.84,15973.17,3.5,5.33
2024-03-16,96767000.0,5210000.0,210.7,2666.84,15973.17,3.5,5.33
2024-03-17,99922000.0,5326000.0,225.6,2666.84,15973.17,3.5,5.33
2024-03-18,99040000.0,5156000.0,210.3,2685.84,16103.45,3.5,5.33
2024-03-19,92572000.0,4719000.0,192.2,2656.17,16166.79,3.5,5.33
2024-03-20,99726000.0,5173000.0,223.6,2690.14,16369.41,3.5,5.33
2024-03-21,95552000.0,5087000.0,226.5,2754.86,16401.84,3.5,5.33
2024-03-22,93855000.0,4913000.0,225.0,2748.56,16428.82,3.5,5.33
2024-03-23,93274000.0,4855000.0,235.8,2748.56,16428.82,3.5,5.33
2024-03-24,96624000.0,4964000.0,253.8,2748.56,16428.82,3.5,5.33
2024-03-25,99202000.0,5096000.0,249.5,2737.57,16384.47,3.5,5.33
2024-03-26,100051000.0,5126000.0,260.5,2757.09,16315.7,3.5,5.33
2024-03-27,99890000.0,5040000.0,273.8,2755.11,16399.52,3.5,5.33
2024-03-28,100900000.0,5076000.0,313.7,2745.82,16379.46,3.5,5.33
2024-03-29,99801000.0,5020000.0,304.0,2746.63,16379.46,3.5,5.33
2024-03-30,99985000.0,5033000.0,286.2,2746.63,16379.46,3.5,5.33
2024-03-31,100970000.0,5161000.0,311.5,2746.63,16379.46,3.5,5.33
2024-04-01,100100000.0,5040000.0,294.9,2747.86,16396.83,3.5,5.33
2024-04-02,96053000.0,4812000.0,268.3,2753.16,16240.45,3.5,5.33
2024-04-03,96502000.0,4842000.0,256.9,2706.97,16277.46,3.5,5.33
2024-04-04,99361000.0,4838000.0,262.0,2742.0,16049.08,3.5,5.33
2024-04-05,98394000.0,4815000.0,257.0,2714.21,16248.52,3.5,5.33
2024-04-06,99023000.0,4823000.0,267.1,2714.21,16248.52,3.5,5.33
2024-04-07,99369000.0,4947000.0,284.8,2714.21,16248.52,3.5,5.33
2024-04-08,102101000.0,5260000.0,288.5,2717.65,16253.96,3.5,5.33
2024-04-09,99350000.0,5042000.0,272.0,2705.16,16306.64,3.5,5.33
2024-04-10,100600000.0,5059000.0,284.5,2705.16,16170.36,3.5,5.33
2024-04-11,100541000.0,5023000.0,278.1,2706.96,16442.2,3.5,5.33
2024-04-12,99776000.0,4822000.0,259.0,2681.82,16175.09,3.5,5.33
2024-04-13,97149000.0,4570000.0,231.3,2681.82,16175.09,3.5,5.33
2024-04-14,98905000.0,4752000.0,244.6,2681.82,16175.09,3.5,5.33
2024-04-15,96527000.0,4719000.0,245.2,2670.43,15885.02,3.5,5.33
2024-04-16,95597000.0,4623000.0,233.7,2609.63,15865.25,3.5,5.33
2024-04-17,91419000.0,4451000.0,220.5,2584.18,15683.37,3.5,5.33
2024-04-18,93356000.0,4506000.0,223.9,2634.7,15601.5,3.5,5.33
2024-04-19,93390000.0,4475000.0,228.8,2591.86,15282.01,3.5,5.33
2024-04-20,94805000.0,4610000.0,237.2,2591.86,15282.01,3.5,5.33
2024-04-21,94868000.0,4600000.0,231.4,2591.86,15282.01,3.5,5.33
2024-04-22,97192000.0,4652000.0,234.3,2629.44,15451.3,3.5,5.33
2024-04-23,96045000.0,4661000.0,231.1,2623.02,15696.64,3.5,5.33
2024-04-24,93534000.0,4567000.0,220.5,2675.75,15712.75,3.5,5.33
2024-04-25,92745000.0,4535000.0,217.5,2628.62,15611.76,3.5,5.33
2024-04-26,91951000.0,4512000.0,213.3,2656.33,15927.9,3.5,5.33
2024-04-27,91499000.0,4689000.0,213.0,2656.33,15927.9,3.5,5.33
2024-04-28,90530000.0,4679000.0,210.3,2656.33,15927.9,3.5,5.33
2024-04-29,91400000.0,4604000.0,205.5,2687.44,15983.08,3.5,5.33
2024-04-30,87137000.0,4327000.0,191.3,2692.06,15657.82,3.5,5.33
2024-05-01,83499000.0,4252000.0,186.2,2692.06,15605.48,3.5,5.33
2024-05-02,83078000.0,4201000.0,185.6,2683.65,15840.96,3.5,5.33
2024-05-03,89291000.0,4400000.0,207.4,2676.63,16156.33,3.5,5.33
2024-05-04,90303000.0,4410000.0,226.7,2676.63,16156.33,3.5,5.33
2024-05-05,90061000.0,4410000.0,226.4,2676.63,16156.33,3.5,5.33
2024-05-06,88804000.0,4308000.0,219.7,2676.63,16349.25,3.5,5.33
2024-05-07,87595000.0,4229000.0,210.8,2734.36,16332.55,3.5,5.33
2024-05-08,85872000.0,4169000.0,201.0,2745.05,16302.76,3.5,5.33
2024-05-09,88116000.0,4243000.0,212.5,2712.14,16346.26,3.5,5.33
2024-05-10,85842000.0,4108000.0,203.4,2727.63,16340.87,3.5,5.33
2024-05-11,85791000.0,4111000.0,201.9,2727.63,16340.87,3.5,5.33
2024-05-12,86521000.0,4125000.0,199.1,2727.63,16340.87,3.5,5.33
2024-05-13,87928000.0,4125000.0,207.7,2727.21,16388.24,3.5,5.33
2024-05-14,86500000.0,4053000.0,204.3,2730.34,16511.18,3.5,5.33
2024-05-15,92111000.0,4220000.0,216.2,2730.34,16742.39,3.5,5.33
2024-05-16,90800000.0,4096000.0,208.7,2753.0,16698.32,3.5,5.33
2024-05-17,92646000.0,4278000.0,215.1,2724.62,16685.97,3.5,5.33
2024-05-18,93066000.0,4343000.0,212.8,2724.62,16685.97,3.5,5.33
2024-05-19,92185000.0,4268000.0,207.2,2724.62,16685.97,3.5,5.33
2024-05-20,97260000.0,4992000.0,225.4,2742.14,16794.87,3.5,5.33
2024-05-21,96700000.0,5231000.0,234.8,2724.18,16832.62,3.5,5.33
2024-05-22,95421000.0,5152000.0,229.1,2723.46,16801.54,3.5,5.33
2024-05-23,94900000.0,5288000.0,223.3,2721.81,16736.03,3.5,5.33
2024-05-24,95214000.0,5177000.0,227.8,2687.6,16920.79,3.5,5.33
2024-05-25,96240000.0,5206000.0,241.5,2687.6,16920.79,3.5,5.33
2024-05-26,95610000.0,5342000.0,231.7,2687.6,16920.79,3.5,5.33
2024-05-27,96050000.0,5390000.0,233.9,2722.99,16920.79,3.5,5.33
2024-05-28,94600000.0,5325000.0,228.4,2722.85,17019.88,3.5,5.33
2024-05-29,93910000.0,5234000.0,227.7,2677.3,16920.58,3.5,5.33
2024-05-30,94943000.0,5212000.0,221.9,2635.44,16737.08,3.5,5.33
2024-05-31,94505000.0,5269000.0,222.3,2636.52,16735.02,3.5,5.33
2024-06-01,94720000.0,5341000.0,224.1,2636.52,16735.02,3.5,5.33
2024-06-02,95000000.0,5300000.0,220.4,2636.52,16735.02,3.5,5.33
2024-06-03,95994000.0,5259000.0,221.0,2682.52,16828.67,3.5,5.33
2024-06-04,97500000.0,5273000.0,223.4,2662.1,16857.05,3.5,5.33
2024-06-05,98385000.0,5345000.0,225.7,2689.5,17187.9,3.5,5.33
2024-06-06,98334000.0,5296000.0,222.6,2689.5,17173.12,3.5,5.33
2024-06-07,97919000.0,5199000.0,209.9,2722.67,17133.13,3.5,5.33
2024-06-08,98125000.0,5212000.0,206.9,2722.67,17133.13,3.5,5.33
2024-06-09,97983000.0,5208000.0,206.5,2722.67,17133.13,3.5,5.33
2024-06-10,97276000.0,5135000.0,202.9,2701.17,17192.53,3.5,5.33
2024-06-11,95329000.0,4959000.0,195.9,2705.32,17343.55,3.5,5.33
2024-06-12,95934000.0,5006000.0,205.5,2728.17,17608.44,3.5,5.33
2024-06-13,94614000.0,4915000.0,199.9,2754.89,17667.56,3.5,5.33
2024-06-14,93978000.0,4957000.0,192.5,2758.42,17688.88,3.5,5.33
2024-06-15,93910000.0,5062000.0,193.8,2758.42,17688.88,3.5,5.33
2024-06-16,94219000.0,5121000.0,193.4,2758.42,17688.88,3.5,5.33
2024-06-17,93588000.0,4946000.0,181.6,2744.1,17857.02,3.5,5.33
2024-06-18,91649000.0,4900000.0,172.0,2763.92,17862.23,3.5,5.33
2024-06-19,91555000.0,5020000.0,172.9,2797.33,17862.23,3.5,5.33
2024-06-20,91780000.0,4973000.0,176.2,2807.63,17721.59,3.5,5.33
2024-06-21,90308000.0,4955000.0,175.0,2784.26,17689.36,3.5,5.33
2024-06-22,90874000.0,4945000.0,175.2,2784.26,17689.36,3.5,5.33
2024-06-23,89046000.0,4820000.0,172.4,2784.26,17689.36,3.5,5.33
2024-06-24,85496000.0,4753000.0,168.6,2764.73,17496.82,3.5,5.33
2024-06-25,87450000.0,4803000.0,178.4,2774.39,17717.65,3.5,5.33
2024-06-26,86027000.0,4766000.0,173.5,2792.05,17805.16,3.5,5.33
2024-06-27,86884000.0,4863000.0,178.9,2784.06,17858.68,3.5,5.33
2024-06-28,85158000.0,4761000.0,173.6,2797.82,17732.6,3.5,5.33
2024-06-29,85765000.0,4754000.0,171.6,2797.82,17732.6,3.5,5.33
2024-06-30,87920000.0,4821000.0,174.5,2797.82,17732.6,3.5,5.33
2024-07-01,88253000.0,4835000.0,173.5,2804.31,17879.3,3.5,5.33
2024-07-02,87248000.0,4811000.0,175.8,2780.86,18028.76,3.5,5.33
2024-07-03,85331000.0,4672000.0,168.0,2794.01,18188.3,3.5,5.33
2024-07-04,81680000.0,4379000.0,150.5,2824.94,18188.3,3.5,5.33
2024-07-05,81118000.0,4266000.0,150.9,2862.23,18352.76,3.5,5.33
2024-07-06,82826000.0,4365000.0,161.1,2862.23,18352.76,3.5,5.33
2024-07-07,79397000.0,4164000.0,148.1,2862.23,18352.76,3.5,5.33
2024-07-08,80534000.0,4290000.0,152.8,2857.76,18403.74,3.5,5.33
2024-07-09,82043000.0,4336000.0,152.2,2867.38,18429.29,3.5,5.33
2024-07-10,81896000.0,4397000.0,153.2,2867.99,18647.45,3.5,5.33
2024-07-11,81070000.0,4381000.0,150.9,2891.35,18283.41,3.5,5.33
2024-07-12,81540000.0,4413000.0,151.7,2857.0,18398.45,3.5,5.33
2024-07-13,82901000.0,4450000.0,157.4,2857.0,18398.45,3.5,5.33
2024-07-14,85430000.0,4557000.0,161.9,2857.0,18398.45,3.5,5.33
2024-07-15,91162000.0,4900000.0,175.5,2860.92,18472.57,3.5,5.33
2024-07-16,90807000.0,4809000.0,174.3,2866.09,18509.34,3.5,5.33
2024-07-17,89467000.0,4730000.0,170.0,2843.29,17996.93,3.5,5.33
2024-07-18,89850000.0,4811000.0,168.0,2824.35,17871.22,3.5,5.33
2024-07-19,93004000.0,4888000.0,174.8,2795.46,17726.94,3.5,5.33
2024-07-20,94065000.0,4928000.0,188.0,2795.46,17726.94,3.5,5.33
2024-07-21,95000000.0,4932000.0,195.5,2795.46,17726.94,3.5,5.33
2024-07-22,94357000.0,4808000.0,192.6,2763.51,18007.57,3.5,5.33
2024-07-23,92230000.0,4870000.0,182.5,2774.29,17997.35,3.5,5.33
2024-07-24,91501000.0,4674000.0,179.0,2758.71,17342.41,3.5,5.33
2024-07-25,92465000.0,4463000.0,176.0,2710.65,17181.72,3.5,5.33
2024-07-26,94727000.0,4571000.0,187.3,2731.9,17357.88,3.5,5.33
2024-07-27,94292000.0,4515000.0,182.8,2731.9,17357.88,3.5,5.33
2024-07-28,95363000.0,4569000.0,181.8,2731.9,17357.88,3.5,5.33
2024-07-29,93618000.0,4641000.0,179.9,2765.53,17370.2,3.5,5.33
2024-07-30,92788000.0,4597000.0,176.0,2738.19,17147.42,3.5,5.33
2024-07-31,90345000.0,4518000.0,170.6,2770.69,17599.4,3.5,5.33
2024-08-01,91789000.0,4500000.0,167.2,2777.68,17194.14,3.5,5.33
2024-08-02,86691000.0,4213000.0,157.3,2676.19,16776.16,3.5,5.33
2024-08-03,85957000.0,4110000.0,153.1,2676.19,16776.16,3.5,5.33
2024-08-04,81871000.0,3790000.0,145.8,2676.19,16776.16,3.5,5.33
2024-08-05,77833000.0,3483000.0,136.1,2441.55,16200.08,3.5,5.33
2024-08-06,80224000.0,3526000.0,138.1,2522.15,16366.86,3.5,5.33
2024-08-07,78388000.0,3338000.0,135.8,2568.41,16195.81,3.5,5.33
2024-08-08,86397000.0,3757000.0,150.4,2556.73,16660.02,3.5,5.33
2024-08-09,85518000.0,3654000.0,146.1,2588.43,16745.3,3.5,5.33
2024-08-10,85669000.0,3669000.0,147.9,2588.43,16745.3,3.5,5.33
2024-08-11,82815000.0,3601000.0,141.8,2588.43,16745.3,3.5,5.33
2024-08-12,83221000.0,3817000.0,151.3,2618.3,16780.61,3.5,5.33
2024-08-13,84600000.0,3774000.0,148.6,2621.5,17187.61,3.5,5.33
2024-08-14,82457000.0,3732000.0,143.8,2644.5,17192.6,3.5,5.33
2024-08-15,81004000.0,3616000.0,141.0,2644.5,17594.5,3.5,5.33
2024-08-16,82209000.0,3623000.0,140.5,2697.23,17631.72,3.5,5.33
2024-08-17,82849000.0,3638000.0,143.0,2697.23,17631.72,3.5,5.33
2024-08-18,81500000.0,3640000.0,139.5,2697.23,17631.72,3.5,5.33
2024-08-19,81680000.0,3620000.0,139.1,2674.36,17876.77,3.5,5.33
2024-08-20,80751000.0,3522000.0,140.7,2696.63,17816.94,3.5,5.33
2024-08-21,82900000.0,3564000.0,143.8,2701.13,17918.99,3.5,5.33
2024-08-22,82003000.0,3557000.0,142.9,2707.67,17619.35,3.5,5.33
2024-08-23,85600000.0,3690000.0,150.8,2701.69,17877.79,3.5,5.33
2024-08-24,85767000.0,3701000.0,150.6,2701.69,17877.79,3.5,5.33
2024-08-25,86254000.0,3689000.0,147.2,2701.69,17877.79,3.5,5.33
2024-08-26,84408000.0,3605000.0,141.4,2698.01,17725.77,3.5,5.33
2024-08-27,80950000.0,3346000.0,134.7,2689.25,17754.82,3.5,5.33
2024-08-28,80569000.0,3445000.0,135.9,2689.83,17556.03,3.5,5.33
2024-08-29,80790000.0,3437000.0,136.5,2662.28,17516.43,3.5,5.33
2024-08-30,80439000.0,3435000.0,138.4,2674.31,17713.62,3.5,5.33
2024-08-31,80262000.0,3419000.0,137.8,2674.31,17713.62,3.5,5.33
2024-09-01,78301000.0,3317000.0,130.1,2674.31,17713.62,3.5,5.33
2024-09-02,80205000.0,3442000.0,134.4,2681.0,17713.62,3.5,5.33
2024-09-03,78272000.0,3304000.0,131.7,2664.63,17136.3,3.5,5.33
2024-09-04,78739000.0,3323000.0,132.9,2580.8,17084.3,3.5,5.33
2024-09-05,76330000.0,3220000.0,133.7,2575.5,17127.66,3.5,5.33
2024-09-06,73644000.0,3039000.0,126.4,2544.28,16690.83,3.5,5.33
2024-09-07,73640000.0,3088000.0,129.6,2544.28,16690.83,3.5,5.33
2024-09-08,74437000.0,3118000.0,130.5,2544.28,16690.83,3.5,5.33
2024-09-09,77275000.0,3196000.0,140.6,2535.93,16884.6,3.5,5.33
2024-09-10,78089000.0,3232000.0,139.3,2523.43,17025.88,3.5,5.33
2024-09-11,77301000.0,3158000.0,136.7,2513.37,17395.53,3.5,5.33
2024-09-12,78269000.0,3179000.0,138.2,2572.09,17569.68,3.5,5.33
2024-09-13,80930000.0,3267000.0,143.2,2575.41,17683.98,3.5,5.33
2024-09-14,80524000.0,3244000.0,141.5,2575.41,17683.98,3.5,5.33
2024-09-15,79690000.0,3125000.0,138.7,2575.41,17683.98,3.5,5.33
2024-09-16,78469000.0,3094000.0,134.3,2575.41,17592.13,3.5,5.33
2024-09-17,81116000.0,3147000.0,136.0,2575.41,17628.06,3.5,5.33
2024-09-18,82604000.0,3179000.0,139.0,2575.41,17573.3,3.5,5.33
2024-09-19,83892000.0,3286000.0,140.1,2580.8,18013.98,3.5,4.83
2024-09-20,84385000.0,3423000.0,141.0,2593.37,17948.32,3.5,4.83
2024-09-21,84425000.0,3482000.0,146.5,2593.37,17948.32,3.5,4.83
2024-09-22,84829000.0,3451000.0,142.1,2593.37,17948.32,3.5,4.83
2024-09-23,84631000.0,3538000.0,144.3,2602.01,17974.27,3.5,4.83
2024-09-24,85248000.0,3519000.0,145.5,2631.68,18074.52,3.5,4.83
2024-09-25,84362000.0,3449000.0,145.2,2596.32,18082.21,3.5,4.83
2024-09-26,86000000.0,3478000.0,155.9,2671.57,18190.29,3.5,4.83
2024-09-27,86958000.0,3560000.0,163.4,2649.78,18119.59,3.5,4.83
2024-09-28,86732000.0,3519000.0,168.5,2649.78,18119.59,3.5,4.83
2024-09-29,85958000.0,3480000.0,163.0,2649.78,18119.59,3.5,4.83
2024-09-30,83730000.0,3440000.0,151.3,2593.27,18189.17,3.5,4.83
2024-10-01,81500000.0,3281000.0,143.6,2593.27,17910.36,3.5,4.83
2024-10-02,81707000.0,3188000.0,141.0,2561.69,17925.12,3.5,4.83
2024-10-03,82424000.0,3189000.0,142.5,2561.69,17918.48,3.5,4.83
2024-10-04,83805000.0,3261000.0,147.5,2569.71,18137.85,3.5,4.83
2024-10-05,83956000.0,3271000.0,148.0,2569.71,18137.85,3.5,4.83
2024-10-06,84533000.0,3282000.0,150.0,2569.71,18137.85,3.5,4.83
2024-10-07,83942000.0,3269000.0,146.5,2610.38,17923.9,3.5,4.83
2024-10-08,84139000.0,3305000.0,145.0,2594.36,18182.92,3.5,4.83
2024-10-09,82385000.0,3219000.0,146.6,2594.36,18291.62,3.5,4.83
2024-10-10,82131000.0,3246000.0,144.2,2599.16,18282.05,3.5,4.83
2024-10-11,84451000.0,3292000.0,149.7,2596.91,18342.94,3.25,4.83
2024-10-12,84956000.0,3330000.0,149.9,2596.91,18342.94,3.25,4.83
2024-10-13,84806000.0,3329000.0,150.3,2596.91,18342.94,3.25,4.83
2024-10-14,88640000.0,3528000.0,156.5,2623.29,18502.69,3.25,4.83
2024-10-15,90600000.0,3524000.0,158.7,2633.45,18315.59,3.25,4.83
2024-10-16,91610000.0,3541000.0,170.4,2610.36,18367.08,3.25,4.83
2024-10-17,91725000.0,3550000.0,176.3,2609.3,18373.61,3.25,4.83
2024-10-18,93330000.0,3601000.0,187.0,2593.82,18489.55,3.25,4.83
2024-10-19,93322000.0,3615000.0,196.9,2593.82,18489.55,3.25,4.83
2024-10-20,93901000.0,3738000.0,193.6,2593.82,18489.55,3.25,4.83
2024-10-21,92161000.0,3651000.0,196.7,2604.92,18540.01,3.25,4.83
2024-10-22,92877000.0,3612000.0,192.9,2570.7,18573.13,3.25,4.83
2024-10-23,92375000.0,3499000.0,193.9,2599.62,18276.65,3.25,4.83
2024-10-24,94077000.0,3500000.0,195.6,2581.03,18415.49,3.25,4.83
2024-10-25,93762000.0,3433000.0,185.2,2583.27,18518.61,3.25,4.83
2024-10-26,93993000.0,3475000.0,192.4,2583.27,18518.61,3.25,4.83
2024-10-27,94819000.0,3496000.0,201.2,2583.27,18518.61,3.25,4.83
2024-10-28,97401000.0,3579000.0,224.9,2612.43,18567.19,3.25,4.83
2024-10-29,101305000.0,3674000.0,245.2,2617.8,18712.75,3.25,4.83
2024-10-30,100571000.0,3695000.0,234.2,2593.79,18607.93,3.25,4.83
2024-10-31,98112000.0,3514000.0,225.5,2556.15,18095.15,3.25,4.83
2024-11-01,97285000.0,3516000.0,222.9,2542.36,18239.92,3.25,4.83
2024-11-02,97205000.0,3496000.0,223.5,2542.36,18239.92,3.25,4.83
2024-11-03,95883000.0,3426000.0,211.2,2542.36,18239.92,3.25,4.83
2024-11-04,94289000.0,3335000.0,219.9,2588.97,18179.98,3.25,4.83
2024-11-05,96170000.0,3364000.0,236.0,2576.88,18439.17,3.25,4.83
2024-11-06,104085000.0,3755000.0,271.4,2563.51,18983.46,3.25,4.83
2024-11-07,104115000.0,3981000.0,265.5,2564.63,19269.46,3.25,4.83
2024-11-08,106843000.0,4136000.0,281.6,2561.15,19286.78,3.25,4.58
2024-11-09,106294000.0,4332000.0,303.1,2561.15,19286.78,3.25,4.58
2024-11-10,111440000.0,4411000.0,385.0,2561.15,19286.78,3.25,4.58
2024-11-11,124503000.0,4725000.0,494.5,2531.66,19298.76,3.25,4.58
2024-11-12,124967000.0,4614000.0,539.6,2482.57,19281.4,3.25,4.58
2024-11-13,128111000.0,4524000.0,565.6,2417.08,19230.72,3.25,4.58
2024-11-14,123572000.0,4331000.0,516.1,2418.86,19107.65,3.25,4.58
2024-11-15,128236000.0,4359000.0,536.4,2416.86,18680.12,3.25,4.58
2024-11-16,127071000.0,4402000.0,511.3,2416.86,18680.12,3.25,4.58
2024-11-17,126472000.0,4329000.0,516.4,2416.86,18680.12,3.25,4.58
2024-11-18,127142000.0,4511000.0,521.0,2469.07,18791.81,3.25,4.58
2024-11-19,129720000.0,4372000.0,548.9,2471.95,18987.47,3.25,4.58
2024-11-20,133180000.0,4338000.0,533.7,2482.29,18966.14,3.25,4.58
2024-11-21,137050000.0,4685000.0,540.2,2480.63,18972.42,3.25,4.58
2024-11-22,136879000.0,4614000.0,571.0,2501.24,19003.65,3.25,4.58
2024-11-23,136000000.0,4727000.0,600.5,2501.24,19003.65,3.25,4.58
2024-11-24,136096000.0,4672000.0,597.9,2501.24,19003.65,3.25,4.58
2024-11-25,129791000.0,4759000.0,547.8,2534.34,19054.84,3.25,4.58
2024-11-26,128783000.0,4654000.0,541.3,2520.36,19175.58,3.25,4.58
2024-11-27,132999000.0,5070000.0,556.3,2503.06,19060.48,3.25,4.58
2024-11-28,133138000.0,4988000.0,559.2,2504.67,19060.48,3.0,4.58
2024-11-29,134542000.0,4966000.0,587.9,2455.91,19218.17,3.0,4.58
2024-11-30,133701000.0,5133000.0,585.2,2455.91,19218.17,3.0,4.58
2024-12-01,133802000.0,5105000.0,606.3,2455.91,19218.17,3.0,4.58
2024-12-02,133535000.0,5085000.0,591.7,2454.48,19403.95,3.0,4.58
2024-12-03,133700000.0,5051000.0,567.4,2500.1,19480.91,3.0,4.58
2024-12-04,138760000.0,5402000.0,610.5,2464.0,19735.12,3.0,4.58
2024-12-05,137501000.0,5364000.0,604.7,2441.85,19700.72,3.0,4.58
2024-12-06,139340000.0,5581000.0,606.9,2428.16,19859.77,3.0,4.58
2024-12-07,138960000.0,5562000.0,629.9,2428.16,19859.77,3.0,4.58
2024-12-08,141005000.0,5591000.0,651.0,2428.16,19859.77,3.0,4.58
2024-12-09,138864000.0,5300000.0,592.1,2360.58,19736.69,3.0,4.58
2024-12-10,138205000.0,5194000.0,564.8,2417.84,19687.24,3.0,4.58
2024-12-11,143111000.0,5423000.0,585.6,2442.51,20034.89,3.0,4.58
2024-12-12,142757000.0,5544000.0,579.9,2482.12,19902.84,3.0,4.58
2024-12-13,144402000.0,5567000.0,582.1,2494.46,19926.72,3.0,4.58
2024-12-14,145927000.0,5567000.0,572.4,2494.46,19926.72,3.0,4.58
2024-12-15,149243000.0,5651000.0,581.0,2494.46,19926.72,3.0,4.58
2024-12-16,153403000.0,5774000.0,581.6,2488.97,20173.89,3.0,4.58
2024-12-17,155223000.0,5701000.0,577.5,2456.81,20109.06,3.0,4.58
2024-12-18,147754000.0,5351000.0,528.6,2484.43,19392.69,3.0,4.58
2024-12-19,147474000.0,5170000.0,476.3,2435.93,19372.77,3.0,4.33
2024-12-20,148138000.0,5256000.0,481.8,2404.15,19572.6,3.0,4.33
2024-12-21,147830000.0,5078000.0,486.8,2404.15,19572.6,3.0,4.33
2024-12-22,144800000.0,4989000.0,475.9,2404.15,19572.6,3.0,4.33
2024-12-23,142901000.0,5154000.0,489.4,2442.01,19764.88,3.0,4.33
2024-12-24,146831000.0,5195000.0,501.1,2440.52,20031.13,3.0,4.33
2024-12-25,148081000.0,5207000.0,497.7,2440.52,20031.13,3.0,4.33
2024-12-26,144076000.0,5013000.0,470.8,2429.67,20020.36,3.0,4.33
2024-12-27,142111000.0,5019000.0,469.8,2404.77,19722.03,3.0,4.33
2024-12-28,142302000.0,5083000.0,484.1,2404.77,19722.03,3.0,4.33
2024-12-29,139735000.0,5004000.0,468.9,2404.77,19722.03,3.0,4.33
2024-12-30,137892000.0,4994000.0,466.8,2399.49,19486.79,3.0,4.33
2024-12-31,139257000.0,4978000.0,471.1,2399.49,19310.79,3.0,4.33
2025-01-01,141320000.0,5021000.0,485.7,2399.49,19310.79,3.0,4.33
2025-01-02,143848000.0,5132000.0,502.9,2398.94,19280.79,3.0,4.33
2025-01-03,144655000.0,5312000.0,559.7,2441.92,19621.68,3.0,4.33
2025-01-04,144745000.0,5382000.0,581.2,2441.92,19621.68,3.0,4.33
2025-01-05,144700000.0,5350000.0,562.6,2441.92,19621.68,3.0,4.33
2025-01-06,150264000.0,5413000.0,569.8,2488.64,19864.98,3.0,4.33
2025-01-07,144789000.0,5059000.0,520.7,2492.1,19489.68,3.0,4.33
2025-01-08,142368000.0,4985000.0,513.2,2521.05,19478.88,3.0,4.33
2025-01-09,139740000.0,4864000.0,484.8,2521.9,19478.88,3.0,4.33
2025-01-10,142457000.0,4915000.0,502.1,2515.78,19161.63,3.0,4.33
2025-01-11,141771000.0,4915000.0,510.4,2515.78,19161.63,3.0,4.33
2025-01-12,142086000.0,4909000.0,504.4,2515.78,19161.63,3.0,4.33
2025-01-13,142108000.0,4717000.0,508.2,2489.56,19088.1,3.0,4.33
2025-01-14,143501000.0,4791000.0,528.3,2497.4,19044.39,3.0,4.33
2025-01-15,147309000.0,5057000.0,564.8,2496.81,19511.23,3.0,4.33
2025-01-16,146670000.0,4858000.0,552.3,2527.49,19338.29,3.0,4.33
2025-01-17,152345000.0,5085000.0,608.5,2523.55,19630.2,3.0,4.33
2025-01-18,155801000.0,4929000.0,590.0,2523.55,19630.2,3.0,4.33
2025-01-19,154000000.0,4892000.0,547.6,2523.55,19630.2,3.0,4.33
2025-01-20,153225000.0,4923000.0,531.8,2520.05,19630.2,3.0,4.33
2025-01-21,157571000.0,4939000.0,552.7,2518.03,19756.78,3.0,4.33
2025-01-22,154999000.0,4846000.0,542.2,2547.06,20009.34,3.0,4.33
2025-01-23,155112000.0,4976000.0,525.1,2515.49,20053.68,3.0,4.33
2025-01-24,157146000.0,4968000.0,526.6,2536.8,19954.3,3.0,4.33
2025-01-25,157200000.0,4985000.0,530.3,2536.8,19954.3,3.0,4.33
2025-01-26,156100000.0,4923000.0,512.9,2536.8,19954.3,3.0,4.33
2025-01-27,154919000.0,4835000.0,506.9,2536.8,19341.83,3.0,4.33
2025-01-28,155919000.0,4741000.0,491.2,2536.8,19733.59,3.0,4.33
2025-01-29,158859000.0,4776000.0,497.3,2536.8,19632.32,3.0,4.33
2025-01-30,158139000.0,4898000.0,500.6,2536.8,19681.75,3.0,4.33
2025-01-31,156580000.0,5042000.0,502.1,2517.37,19627.44,3.0,4.33
