date,doge_price,btc_price,eth_price,kospi_price,nasdaq_price,us_rate,kr_rate
2023-01-01,89.3,21123000,1528000,2236.4,10466.48,4.33,3.25
2023-01-02,90.8,21215000,1543500,2225.67,10466.48,4.33,3.25
2023-01-03,90.2,21351000,1554500,2218.68,10386.99,4.33,3.25
2023-01-04,93.7,21588000,1610000,2255.98,10458.76,4.33,3.25
2023-01-05,91.8,21575000,1602500,2264.65,10305.24,4.33,3.25
2023-01-06,91.9,21517000,1610000,2289.97,10569.29,4.33,3.25
2023-01-07,91.9,21539000,1609000,2289.97,10569.29,4.33,3.25
2023-01-08,93.3,21704000,1634500,2289.97,10569.29,4.33,3.25
2023-01-09,95.4,21655000,1663500,2350.19,10635.65,4.33,3.25
2023-01-10,97.9,21916000,1680500,2351.31,10742.63,4.33,3.25
2023-01-11,98,22485000,1739500,2359.53,10931.67,4.33,3.25
2023-01-12,100,23552000,1770500,2365.1,11001.11,4.33,3.25
2023-01-13,105,24802000,1807000,2386.09,11079.16,4.33,3.5
2023-01-14,107,25881000,1912000,2386.09,11079.16,4.33,3.5
2023-01-15,106,25836000,1921000,2386.09,11079.16,4.33,3.5
2023-01-16,104,26368000,1961000,2399.86,11079.16,4.33,3.5
2023-01-17,103,26255000,1945000,2379.39,11095.11,4.33,3.5
2023-01-18,99.7,25718000,1881000,2368.32,10957.01,4.33,3.5
2023-01-19,101,26205000,1931500,2380.34,10852.27,4.33,3.5
2023-01-20,106,28026000,2050000,2395.26,11140.43,4.33,3.5
2023-01-21,106,28333000,2025000,2395.26,11140.43,4.33,3.5
2023-01-22,110,28390000,2036000,2395.26,11140.43,4.33,3.5
2023-01-23,110,28609000,2032000,2395.26,11364.41,4.33,3.5
2023-01-24,106,28351000,1951500,2395.26,11334.27,4.33,3.5
2023-01-25,107,28736000,2008000,2428.57,11313.36,4.33,3.5
2023-01-26,108,28930000,2014000,2468.65,11512.41,4.33,3.5
2023-01-27,109,28950000,2005000,2484.02,11621.71,4.33,3.5
2023-01-28,110,29063000,1987000,2484.02,11621.71,4.33,3.5
2023-01-29,113,29670000,2055000,2484.02,11621.71,4.33,3.5
2023-01-30,111,28706000,1969500,2450.47,11393.81,4.33,3.5
2023-01-31,121,29064000,1992500,2425.08,11584.55,4.33,3.5
2023-02-01,117,29620000,2048000,2449.8,11816.32,4.33,3.5
2023-02-02,114,29600000,2072000,2468.88,12200.82,4.58,3.5
2023-02-03,116,29432000,2091000,2480.4,12006.96,4.58,3.5
2023-02-04,120,29420000,2098000,2480.4,12006.96,4.58,3.5
2023-02-05,117,28990000,2058000,2480.4,12006.96,4.58,3.5
2023-02-06,115,29222000,2070000,2438.19,11887.45,4.58,3.5
2023-02-07,117,29452000,2116000,2451.71,12113.79,4.58,3.5
2023-02-08,115,29303000,2105000,2483.64,11910.52,4.58,3.5
2023-02-09,106,28193000,1997500,2481.52,11789.58,4.57,3.5
2023-02-10,105,28120000,1968500,2469.73,11718.12,4.58,3.5
2023-02-11,107,28377000,1996500,2469.73,11718.12,4.58,3.5
2023-02-12,106,28263000,1965500,2469.73,11718.12,4.58,3.5
2023-02-13,107,28309000,1957500,2452.7,11891.79,4.58,3.5
2023-02-14,109,28798000,2016000,2465.64,11960.14,4.58,3.5
2023-02-15,114,31186000,2148000,2427.9,12070.59,4.58,3.5
2023-02-16,109,30451000,2119000,2475.48,11855.83,4.58,3.5
2023-02-17,113,31641000,2182000,2451.21,11787.27,4.58,3.5
2023-02-18,114,31789000,2183000,2451.21,11787.27,4.58,3.5
2023-02-19,112,31435000,2176000,2451.21,11787.27,4.58,3.5
2023-02-20,113,31883000,2187000,2455.12,11787.27,4.58,3.5
2023-02-21,111,31736000,2153000,2458.96,11492.3,4.58,3.5
2023-02-22,111,31619000,2151000,2417.68,11507.07,4.58,3.5
2023-02-23,110,31398000,2164000,2439.09,11590.4,4.58,3.5
2023-02-24,108,30877000,2142000,2423.61,11394.94,4.58,3.5
2023-02-25,107,30959000,2132000,2423.61,11394.94,4.58,3.5
2023-02-26,110,31279000,2178000,2423.61,11394.94,4.58,3.5
2023-02-27,108,31255000,2174000,2402.64,11466.98,4.57,3.5
2023-02-28,108,31024000,2150000,2412.85,11455.54,4.57,3.5
2023-03-01,108,31106000,2194000,2412.85,11379.48,4.58,3.5
2023-03-02,106,31109000,2183000,2427.85,11462.98,4.57,3.5
2023-03-03,102,29709000,2084000,2432.07,11689.01,4.57,3.5
2023-03-04,99.7,29838000,2092000,2432.07,11689.01,4.57,3.5
2023-03-05,100,29982000,2092000,2432.07,11689.01,4.57,3.5
2023-03-06,99.3,29769000,2080000,2462.62,11675.74,4.57,3.5
2023-03-07,98.7,29579000,2077000,2463.35,11530.33,4.57,3.5
2023-03-08,95.2,29023000,2050000,2431.91,11576,4.57,3.5
2023-03-09,89.4,27604000,1948000,2419.09,11338.36,4.57,3.5
2023-03-10,89.4,27343000,1936000,2394.59,11138.89,4.57,3.5
2023-03-11,89.6,27737000,1993500,2394.59,11138.89,4.57,3.5
2023-03-12,93.6,29199000,2098000,2394.59,11138.89,4.57,3.5
2023-03-13,95.7,31676000,2200000,2410.6,11188.84,4.58,3.5
2023-03-14,98.1,32490000,2235000,2348.97,11428.15,4.58,3.5
2023-03-15,93.2,32511000,2209000,2379.72,11434.05,4.58,3.5
2023-03-16,96.6,33335000,2230000,2377.91,11717.28,4.58,3.5
2023-03-17,100,36207000,2361000,2395.69,11630.51,4.58,3.5
2023-03-18,97.1,35767000,2338000,2395.69,11630.51,4.58,3.5
2023-03-19,99.3,37233000,2371000,2395.69,11630.51,4.58,3.5
2023-03-20,96.1,37295000,2328000,2379.2,11675.54,4.58,3.5
2023-03-21,101,37221000,2385000,2388.35,11860.11,4.58,3.5
2023-03-22,98.5,36372000,2312000,2416.96,11669.96,4.58,3.5
2023-03-23,102,37274000,2390000,2424.48,11787.4,4.83,3.5
2023-03-24,99.9,36749000,2344000,2414.96,11823.96,4.83,3.5
2023-03-25,99.1,36750000,2328000,2414.96,11823.96,4.83,3.5
2023-03-26,98.9,37160000,2354000,2414.96,11823.96,4.83,3.5
2023-03-27,97,36110000,2287000,2409.22,11768.84,4.83,3.5
2023-03-28,97.6,36026000,2340000,2434.94,11716.08,4.83,3.5
2023-03-29,99.7,37401000,2369000,2443.92,11926.24,4.83,3.5
2023-03-30,98.4,37157000,2377000,2453.16,12013.47,4.83,3.5
2023-03-31,101,37540000,2402000,2476.86,12221.91,4.83,3.5
2023-04-01,107,37585000,2406000,2476.86,12221.91,4.83,3.5
2023-04-02,104,37301000,2375000,2476.86,12221.91,4.83,3.5
2023-04-03,127,36814000,2395000,2472.34,12189.45,4.83,3.5
2023-04-04,125,37205000,2471000,2480.51,12126.33,4.83,3.5
2023-04-05,123,37139000,2516000,2495.21,11996.86,4.83,3.5
2023-04-06,113,37058000,2475000,2459.23,12087.96,4.83,3.5
2023-04-07,109,36993000,2471000,2490.41,12087.96,4.83,3.5
2023-04-08,108,37080000,2454000,2490.41,12087.96,4.83,3.5
2023-04-09,110,37313000,2450000,2490.41,12087.96,4.83,3.5
2023-04-10,111,38985000,2511000,2512.08,12084.36,4.83,3.5
2023-04-11,111,40004000,2505000,2547.86,12031.88,4.83,3.5
2023-04-12,110,39699000,2537000,2550.64,11929.34,4.83,3.5
2023-04-13,114,39911000,2641000,2561.66,12166.27,4.83,3.5
2023-04-14,115,39804000,2745000,2571.49,12123.46,4.83,3.5
2023-04-15,117,39800000,2750000,2571.49,12123.46,4.83,3.5
2023-04-16,119,39607000,2765000,2571.49,12123.46,4.83,3.5
2023-04-17,121,38700000,2727000,2575.91,12157.72,4.83,3.5
2023-04-18,122,39630000,2744000,2571.09,12153.41,4.83,3.5
2023-04-19,116,38300000,2576000,2575.08,12157.23,4.83,3.5
2023-04-20,112,37672000,2588000,2563.11,12059.56,4.83,3.5
2023-04-21,105,36337000,2464000,2544.4,12072.46,4.83,3.5
2023-04-22,108,37182000,2509000,2544.4,12072.46,4.83,3.5
2023-04-23,106,36802000,2487000,2544.4,12072.46,4.83,3.5
2023-04-24,106,36750000,2460000,2523.5,12037.2,4.83,3.5
2023-04-25,107,37877000,2499000,2489.02,11799.16,4.83,3.5
2023-04-26,106,38017000,2498000,2484.83,11854.35,4.83,3.5
2023-04-27,106,39258000,2544000,2495.81,12142.24,4.83,3.5
2023-04-28,107,39083000,2523000,2501.53,12226.58,4.83,3.5
2023-04-29,108,38965000,2541000,2501.53,12226.58,4.83,3.5
2023-04-30,106,39149000,2506000,2501.53,12226.58,4.83,3.5
2023-05-01,105,37769000,2461000,2501.53,12212.6,4.83,3.5
2023-05-02,106,38405000,2504000,2524.39,12080.51,4.83,3.5
2023-05-03,107,38703000,2542000,2501.4,12025.33,4.83,3.5
2023-05-04,104,38580000,2509000,2500.94,11966.4,5.08,3.5
2023-05-05,106,39053000,2639000,2500.94,12235.41,5.08,3.5
2023-05-06,103,38677000,2540000,2500.94,12235.41,5.08,3.5
2023-05-07,102,38143000,2510000,2500.94,12235.41,5.08,3.5
2023-05-08,97.6,37255000,2486000,2513.21,12256.92,5.08,3.5
2023-05-09,98.2,37150000,2483000,2510.06,12179.55,5.08,3.5
2023-05-10,98.1,37071000,2469000,2496.51,12306.44,5.08,3.5
2023-05-11,97,36411000,2421000,2491,12328.51,5.08,3.5
2023-05-12,98.1,36341000,2452000,2475.42,12284.74,5.08,3.5
2023-05-13,97.4,36374000,2441000,2475.42,12284.74,5.08,3.5
2023-05-14,97.3,36415000,2436000,2475.42,12284.74,5.08,3.5
2023-05-15,97,36632000,2448000,2479.35,12365.21,5.08,3.5
2023-05-16,97.9,36421000,2455000,2480.24,12343.05,5.08,3.5
2023-05-17,100,36700000,2442000,2494.66,12500.57,5.08,3.5
2023-05-18,99.2,36240000,2432000,2515.4,12688.84,5.08,3.5
2023-05-19,98.9,36156000,2435000,2537.79,12657.9,5.08,3.5
2023-05-20,98.8,36385000,2444000,2537.79,12657.9,5.08,3.5
2023-05-21,97.3,36051000,2430000,2537.79,12657.9,5.08,3.5
2023-05-22,97.6,35947000,2431000,2557.08,12720.78,5.08,3.5
2023-05-23,97.3,36381000,2478000,2567.55,12560.25,5.08,3.5
2023-05-24,95.1,35452000,2420000,2567.45,12484.16,5.08,3.5
2023-05-25,95,35547000,2424000,2554.69,12698.09,5.08,3.5
2023-05-26,95.2,35771000,2448000,2558.81,12975.69,5.08,3.5
2023-05-27,96.7,35824000,2444000,2558.81,12975.69,5.08,3.5
2023-05-28,97.8,37350000,2542000,2558.81,12975.69,5.08,3.5
2023-05-29,97.4,36992000,2523000,2558.81,12975.69,5.08,3.5
2023-05-30,96.3,36914000,2528000,2585.52,13017.43,5.08,3.5
2023-05-31,95.7,36391000,2504000,2577.12,12935.29,5.08,3.5
2023-06-01,95.4,35823000,2485000,2569.17,13100.98,5.08,3.5
2023-06-02,96.1,36089000,2524000,2601.36,13240.77,5.08,3.5
2023-06-03,96.2,35888000,2507000,2601.36,13240.77,5.08,3.5
2023-06-04,95.9,35865000,2502000,2601.36,13240.77,5.08,3.5
2023-06-05,88.7,34298000,2414000,2615.41,13229.43,5.08,3.5
2023-06-06,92.5,35852000,2482000,2615.41,13276.42,5.08,3.5
2023-06-07,89.2,34952000,2430000,2615.6,13104.89,5.08,3.5
2023-06-08,89.7,34996000,2438000,2610.85,13238.52,5.08,3.5
2023-06-10,82.1,34372000,2329000,2610.85,13238.52,5.08,3.5
2023-06-11,81.5,34345000,2324000,2610.85,13238.52,5.08,3.5
2023-06-12,80.8,34059000,2293000,2629.35,13461.92,5.08,3.5
2023-06-13,80.6,33913000,2273000,2637.95,13573.32,5.08,3.5
2023-06-14,79.3,33007000,2168000,2619.08,13626.48,5.08,3.5
2023-06-15,80.4,33449000,2179000,2608.54,13782.82,5.07,3.5
2023-06-16,81.6,34501000,2253000,2625.79,13689.57,5.08,3.5
2023-06-17,81.7,34780000,2267000,2625.79,13689.57,5.08,3.5
2023-06-18,81.3,34466000,2253000,2625.79,13689.57,5.08,3.5
2023-06-19,81.5,35092000,2269000,2609.5,13689.57,5.08,3.5
2023-06-20,82.4,36946000,2339000,2604.91,13667.29,5.07,3.5
2023-06-21,85.7,39135000,2469000,2582.63,13502.2,5.07,3.5
2023-06-22,85.9,39125000,2451000,2593.7,13630.61,5.07,3.5
2023-06-23,90.4,40651000,2509000,2570.1,13492.52,5.07,3.5
2023-06-24,88.9,40659000,2499000,2570.1,13492.52,5.07,3.5
2023-06-25,88.3,40352000,2514000,2570.1,13492.52,5.07,3.5
2023-06-26,85.9,40077000,2466000,2582.2,13335.78,5.07,3.5
2023-06-27,86.6,40585000,2498000,2581.39,13555.67,5.07,3.5
2023-06-28,83.2,40020000,2431000,2564.19,13591.75,5.07,3.5
2023-06-29,84.6,40583000,2469000,2550.02,13591.33,5.07,3.5
2023-06-30,88.6,40547000,2574000,2564.28,13787.92,5.08,3.5
2023-07-01,91.1,40691000,2563000,2564.28,13787.92,5.08,3.5
2023-07-02,90.2,40652000,2572000,2564.28,13787.92,5.08,3.5
2023-07-03,90.6,41200000,2582000,2602.47,13816.77,5.08,3.5
2023-07-04,91,40610000,2557000,2593.31,13816.77,5.08,3.5
2023-07-05,88.7,40385000,2531000,2579,13791.65,5.08,3.5
2023-07-06,86.5,39860000,2465000,2556.29,13679.04,5.08,3.5
2023-07-07,86.8,40240000,2481000,2526.71,13660.72,5.08,3.5
2023-07-08,87.1,40153000,2474000,2526.71,13660.72,5.08,3.5
2023-07-09,86.3,39832000,2460000,2526.71,13660.72,5.08,3.5
2023-07-10,85.8,40050000,2475000,2520.7,13685.48,5.07,3.5
2023-07-11,85.6,40117000,2461000,2562.49,13760.7,5.08,3.5
2023-07-12,85.2,39804000,2450000,2574.72,13918.96,5.08,3.5
2023-07-13,89.6,40112000,2553000,2591.23,14138.57,5.08,3.5
2023-07-14,88.3,39092000,2499000,2628.3,14113.7,5.08,3.5
2023-07-15,92.3,38889000,2479000,2628.3,14113.7,5.08,3.5
2023-07-16,89.5,38933000,2476000,2628.3,14113.7,5.08,3.5
2023-07-17,89.7,38742000,2455000,2619,14244.95,5.08,3.5
2023-07-18,88.3,38401000,2441000,2607.62,14353.64,5.08,3.5
2023-07-19,89.7,38323000,2423000,2608.24,14358.02,5.08,3.5
2023-07-20,91.4,38567000,2447000,2600.23,14063.31,5.08,3.5
2023-07-21,95,38829000,2456000,2609.76,14032.8,5.08,3.5
2023-07-22,91.8,38776000,2430000,2609.76,14032.8,5.08,3.5
2023-07-23,92.9,38945000,2444000,2609.76,14032.8,5.08,3.5
2023-07-24,96.4,37892000,2404000,2628.53,14058.87,5.08,3.5
2023-07-25,106,37910000,2411000,2636.46,14144.55,5.08,3.5
2023-07-26,100,37918000,2416000,2592.36,14127.28,5.08,3.5
2023-07-27,100,37874000,2414000,2603.81,14050.11,5.33,3.5
2023-07-28,99.8,37932000,2424000,2608.32,14316.66,5.33,3.5
2023-07-29,103,37901000,2426000,2608.32,14316.66,5.33,3.5
2023-07-30,101,37850000,2409000,2608.32,14316.66,5.33,3.5
2023-07-31,102,37929000,2409000,2632.58,14346.02,5.33,3.5
2023-08-01,101,38642000,2437000,2667.07,14283.91,5.33,3.5
2023-08-02,97.7,38358000,2420000,2616.47,13973.45,5.33,3.5
2023-08-03,97,38436000,2418000,2605.39,13959.71,5.33,3.5
2023-08-04,97.1,38492000,2420000,2602.8,13892.07,5.33,3.5
2023-08-05,100,38474000,2431000,2602.8,13892.07,5.33,3.5
2023-08-06,98.6,38605000,2427000,2602.8,13892.07,5.33,3.5
2023-08-07,97.3,38622000,2421000,2580.71,13977.13,5.33,3.5
2023-08-08,99.4,39437000,2455000,2573.98,13867.19,5.33,3.5
2023-08-09,99.9,39209000,2460000,2605.12,13705.08,5.33,3.5
2023-08-10,100,39119000,2460000,2601.56,13721.03,5.33,3.5
2023-08-11,101,39233000,2468000,2591.26,13644.85,5.33,3.5
2023-08-12,103,39283000,2469000,2591.26,13644.85,5.33,3.5
2023-08-13,100,39118000,2456000,2591.26,13644.85,5.33,3.5
2023-08-14,99.9,39288000,2464000,2570.87,13788.33,5.33,3.5
2023-08-15,95.9,39404000,2468000,2570.87,13631.05,5.33,3.5
2023-08-16,91.1,39001000,2453000,2525.64,13474.63,5.33,3.5
2023-08-17,84.1,36588000,2311000,2519.85,13316.93,5.33,3.5
2023-08-18,87.1,35890000,2289000,2504.5,13290.78,5.33,3.5
2023-08-19,88.1,36056000,2305000,2504.5,13290.78,5.33,3.5
2023-08-20,87.7,35949000,2312000,2504.5,13290.78,5.33,3.5
2023-08-21,85.7,35769000,2286000,2508.8,13497.59,5.33,3.5
2023-08-22,85.8,35684000,2241000,2515.74,13505.87,5.33,3.5
2023-08-23,86.8,35941000,2285000,2505.5,13721.03,5.33,3.5
2023-08-24,85.9,35635000,2262000,2537.68,13463.97,5.33,3.5
2023-08-25,85.9,35479000,2252000,2519.14,13590.65,5.33,3.5
2023-08-26,85.5,35398000,2242000,2519.14,13590.65,5.33,3.5
2023-08-27,85.6,35402000,2247000,2519.14,13590.65,5.33,3.5
2023-08-28,85.8,35335000,2234000,2543.41,13705.13,5.33,3.5
2023-08-29,89.6,37445000,2336000,2552.16,13943.76,5.33,3.5
2023-08-30,89.5,37109000,2319000,2561.22,14019.31,5.33,3.5
2023-08-31,87.2,35502000,2255000,2556.27,14034.97,5.33,3.5
2023-09-01,87.4,35350000,2232000,2563.71,14031.82,5.33,3.5
2023-09-02,86.6,35204000,2227000,2563.71,14031.82,5.33,3.5
2023-09-03,85.9,35308000,2225000,2563.71,14031.82,5.33,3.5
2023-09-04,85.7,35011000,2211000,2584.55,14031.82,5.33,3.5
2023-09-05,87,35056000,2220000,2582.18,14020.95,5.33,3.5
2023-09-06,86.5,35029000,2220000,2563.34,13872.47,5.33,3.5
2023-09-07,86.4,35615000,2238000,2548.26,13748.83,5.33,3.5
2023-09-08,86.6,35295000,2227000,2547.68,13761.53,5.33,3.5
2023-09-09,86.3,35280000,2227000,2547.68,13761.53,5.33,3.5
2023-09-10,83.6,35196000,2205000,2547.68,13761.53,5.33,3.5
2023-09-11,82.4,34327000,2117000,2556.88,13917.89,5.33,3.5
2023-09-12,82.8,35077000,2161000,2536.58,13773.62,5.33,3.5
2023-09-13,83,35497000,2177000,2534.7,13813.58,5.33,3.5
2023-09-14,83.8,35889000,2197000,2572.89,13926.05,5.33,3.5
2023-09-15,84.2,35928000,2215000,2601.28,13708.33,5.33,3.5
2023-09-16,84.1,35938000,2215000,2601.28,13708.33,5.33,3.5
2023-09-17,82.8,35758000,2187000,2601.28,13708.33,5.33,3.5
2023-09-18,83.2,36000000,2200000,2574.72,13710.24,5.33,3.5
2023-09-19,84,36500000,2205000,2559.21,13678.19,5.33,3.5
2023-09-20,84.1,36501000,2185000,2559.74,13469.13,5.33,3.5
2023-09-21,83.1,36012000,2146000,2514.97,13223.99,5.33,3.5
2023-09-22,83.3,35952000,2158000,2508.13,13211.81,5.33,3.5
2023-09-23,83.2,35960000,2158000,2508.13,13211.81,5.33,3.5
2023-09-24,82.2,35534000,2137000,2508.13,13211.81,5.33,3.5
2023-09-25,82.2,35491000,2141000,2495.76,13271.32,5.33,3.5
2023-09-26,82.2,35566000,2161000,2462.97,13063.61,5.33,3.5
2023-09-27,82.6,35982000,2181000,2465.07,13092.85,5.33,3.5
2023-09-28,83.3,36596000,2241000,2465.07,13201.28,5.33,3.5
2023-09-29,84.1,36444000,2256000,2465.07,13219.32,5.33,3.5
2023-09-30,84.1,36600000,2267000,2465.07,13219.32,5.33,3.5
2023-10-01,85.4,37789000,2340000,2465.07,13219.32,5.33,3.5
2023-10-02,84.4,37424000,2258000,2465.07,13307.77,5.33,3.5
2023-10-03,83.3,37197000,2247000,2465.07,13059.47,5.33,3.5
2023-10-04,83.2,37595000,2232000,2405.69,13236.01,5.33,3.5
2023-10-05,82.7,37258000,2191000,2403.6,13219.83,5.33,3.5
2023-10-06,83.2,37798000,2228000,2408.73,13431.34,5.33,3.5
2023-10-07,83.4,37902000,2218000,2408.73,13431.34,5.33,3.5
2023-10-08,82.9,37929000,2216000,2408.73,13431.34,5.33,3.5
2023-10-09,80.2,37595000,2155000,2408.73,13484.24,5.33,3.5
2023-10-10,80.6,37336000,2138000,2402.58,13562.84,5.33,3.5
2023-10-11,80,36671000,2140000,2450.08,13659.68,5.33,3.5
2023-10-12,79.5,36750000,2115000,2479.82,13574.22,5.33,3.5
2023-10-13,80.3,36968000,2134000,2456.15,13407.23,5.33,3.5
2023-10-14,81.9,36790000,2131000,2456.15,13407.23,5.33,3.5
2023-10-15,80.9,37086000,2127000,2456.15,13407.23,5.33,3.5
2023-10-16,81.6,38697000,2172000,2436.24,13567.98,5.33,3.5
2023-10-17,80.5,38652000,2129000,2460.17,13533.75,5.33,3.5
2023-10-18,80.1,38710000,2138000,2462.6,13314.3,5.33,3.5
2023-10-19,80.1,39000000,2129000,2415.8,13186.17,5.33,3.5
2023-10-20,81.2,40250000,2176000,2375,12983.81,5.33,3.5
2023-10-21,82.6,40400000,2199000,2375,12983.81,5.33,3.5
2023-10-22,83,40354000,2236000,2375,12983.81,5.33,3.5
2023-10-23,90.1,44179000,2361000,2357.02,13018.33,5.33,3.5
2023-10-24,89.5,45599000,2399000,2383.51,13139.88,5.33,3.5
2023-10-25,92.1,46484000,2409000,2363.17,12821.22,5.33,3.5
2023-10-26,96.9,46141000,2435000,2299.08,12595.61,5.33,3.5
2023-10-27,92,45980000,2415000,2302.81,12643.01,5.33,3.5
2023-10-28,93.8,46314000,2418000,2302.81,12643.01,5.33,3.5
2023-10-29,94,46825000,2436000,2302.81,12643.01,5.33,3.5
2023-10-30,94.4,46732000,2450000,2310.55,12789.48,5.33,3.5
2023-10-31,92.8,47030000,2464000,2277.99,12851.24,5.33,3.5
2023-11-01,93.5,48079000,2504000,2301.56,13061.47,5.33,3.5
2023-11-02,92.4,47516000,2447000,2343.12,13294.19,5.33,3.5
2023-11-03,91.5,46676000,2465000,2368.34,13478.28,5.33,3.5
2023-11-04,92.9,47050000,2489000,2368.34,13478.28,5.33,3.5
2023-11-05,95.5,47056000,2541000,2368.34,13478.28,5.33,3.5
2023-11-06,103,46781000,2536000,2502.37,13518.78,5.33,3.5
2023-11-07,98.3,47301000,2524000,2443.96,13639.86,5.33,3.5
2023-11-08,100,47458000,2518000,2421.62,13650.41,5.33,3.5
2023-11-09,99.1,49400000,2855000,2427.08,13521.45,5.33,3.5
2023-11-10,101,50030000,2792000,2409.66,13798.11,5.33,3.5
2023-11-11,105,49629000,2748000,2409.66,13798.11,5.33,3.5
2023-11-12,104,49418000,2724000,2409.66,13798.11,5.33,3.5
2023-11-13,100,49154000,2767000,2403.76,13767.74,5.33,3.5
2023-11-14,97.8,47969000,2673000,2433.25,14094.38,5.33,3.5
2023-11-15,102,50457000,2746000,2486.67,14103.84,5.33,3.5
2023-11-16,108,48868000,2654000,2488.18,14113.67,5.33,3.5
2023-11-17,117,49390000,2650000,2469.85,14125.48,5.33,3.5
2023-11-18,108,49165000,2638000,2469.85,14125.48,5.33,3.5
2023-11-19,108,49800000,2680000,2469.85,14125.48,5.33,3.5
2023-11-20,104,50170000,2708000,2491.2,14284.53,5.33,3.5
2023-11-21,97.3,48510000,2620000,2510.42,14199.98,5.33,3.5
2023-11-22,102,50042000,2761000,2511.7,14265.86,5.33,3.5
2023-11-23,102,49929000,2761000,2514.96,14265.86,5.33,3.5
2023-11-24,104,50601000,2790000,2496.63,14250.86,5.33,3.5
2023-11-25,106,50533000,2785000,2496.63,14250.86,5.33,3.5
2023-11-26,106,50210000,2768000,2496.63,14250.86,5.33,3.5
2023-11-27,106,50275000,2738000,2495.66,14241.02,5.33,3.5
2023-11-28,108,50576000,2740000,2521.76,14281.76,5.33,3.5
2023-11-29,108,50720000,2718000,2519.81,14258.49,5.33,3.5
2023-11-30,112,50586000,2750000,2535.29,14226.22,5.33,3.5
2023-12-01,113,51709000,2794000,2505.01,14305.03,5.33,3.5
2023-12-02,114,52603000,2886000,2505.01,14305.03,5.33,3.5
2023-12-03,115,53700000,2942000,2505.01,14305.03,5.33,3.5
2023-12-04,124,56920000,3037000,2514.95,14185.49,5.33,3.5
2023-12-05,128,60227000,3137000,2494.28,14229.91,5.33,3.5
2023-12-06,131,60314000,3081000,2495.38,14146.71,5.33,3.5
2023-12-07,131,59250000,3227000,2492.07,14339.99,5.33,3.5
2023-12-08,138,60142000,3215000,2517.85,14403.97,5.33,3.5
2023-12-09,135,60082000,3218000,2517.85,14403.97,5.33,3.5
2023-12-10,140,59835000,3213000,2517.85,14403.97,5.33,3.5
2023-12-11,130,56950000,3073000,2525.36,14432.49,5.33,3.5
2023-12-12,131,57605000,3061000,2535.27,14533.4,5.33,3.5
2023-12-13,134,59056000,3114000,2510.66,14733.96,5.33,3.5
2023-12-14,134,58735000,3159000,2544.18,14761.56,5.33,3.5
2023-12-15,129,58028000,3073000,2563.56,14813.92,5.33,3.5
2023-12-16,134,57935000,3056000,2563.56,14813.92,5.33,3.5
2023-12-17,128,56710000,3013000,2563.56,14813.92,5.33,3.5
2023-12-18,125,58130000,3024000,2566.86,14905.19,5.33,3.5
2023-12-19,124,57845000,2979000,2568.55,15003.22,5.33,3.5
2023-12-20,125,59351000,2991000,2614.3,14777.94,5.33,3.5
2023-12-21,130,59479000,3037000,2600.02,14963.87,5.33,3.5
2023-12-22,128,59532000,3150000,2599.51,14992.97,5.33,3.5
2023-12-23,126,59250000,3126000,2599.51,14992.97,5.33,3.5
2023-12-24,124,58002000,3050000,2599.51,14992.97,5.33,3.5
2023-12-25,126,58042000,3028000,2599.51,14992.97,5.33,3.5
2023-12-26,123,57032000,2994000,2602.59,15074.57,5.33,3.5
2023-12-28,122,56907000,3131000,2655.28,15095.14,5.33,3.5
2023-12-29,122,56450000,3087000,2655.28,15011.35,5.33,3.5
2023-12-30,122,56639000,3081000,2655.28,15011.35,5.33,3.5
2023-12-31,121,57047000,3082000,2655.28,15011.35,5.33,3.5
2024-01-01,123,58839000,3136000,2655.28,15011.35,5.33,3.5
2024-01-02,123,60206000,3154000,2669.81,14765.94,5.33,3.5
2024-01-03,113,58581000,3024000,2607.31,14592.21,5.33,3.5
2024-01-04,114,59477000,3053000,2587.02,14510.3,5.33,3.5
2024-01-05,112,59351000,3050000,2578.08,14524.07,5.33,3.5
2024-01-06,109,59329000,3024000,2578.08,14524.07,5.33,3.5
2024-01-07,106,59108000,2995000,2578.08,14524.07,5.33,3.5
2024-01-08,109,63010000,3131000,2567.82,14843.77,5.33,3.5
2024-01-09,107,62014000,3156000,2561.24,14857.71,5.33,3.5
2024-01-10,114,63621000,3525000,2541.98,14969.65,5.33,3.5
2024-01-11,117,63550000,3593000,2540.27,14970.18,5.33,3.5
2024-01-12,111,59435000,3504000,2525.05,14972.76,5.33,3.5
2024-01-13,112,58968000,3549000,2525.05,14972.76,5.33,3.5
2024-01-14,110,57391000,3396000,2525.05,14972.76,5.33,3.5
2024-01-15,112,58354000,3451000,2525.99,14972.76,5.33,3.5
2024-01-16,111,59196000,3551000,2497.59,14944.35,5.33,3.5
2024-01-17,111,58776000,3483000,2435.9,14855.62,5.33,3.5
2024-01-18,108,57284000,3424000,2440.04,15055.65,5.33,3.5
2024-01-19,109,57739000,3454000,2472.74,15310.97,5.33,3.5
2024-01-20,121,57517000,3410000,2472.74,15310.97,5.33,3.5
2024-01-21,118,57387000,3391000,2472.74,15310.97,5.33,3.5
2024-01-22,112,54689000,3199000,2464.35,15360.29,5.33,3.5
2024-01-23,108,55389000,3117000,2478.61,15425.94,5.33,3.5
2024-01-24,109,55200000,3077000,2469.69,15481.92,5.33,3.5
2024-01-25,107,55101000,3060000,2470.34,15510.5,5.33,3.5
2024-01-26,109,57503000,3119000,2478.56,15455.36,5.33,3.5
2024-01-27,110,58086000,3129000,2478.56,15455.36,5.33,3.5
2024-01-28,108.4,57855000,3105000,2478.56,15455.36,5.33,3.5
2024-01-29,111.3,59101000,3165000,2500.65,15628.04,5.33,3.5
2024-01-30,109.4,58965000,3216000,2498.81,15509.9,5.33,3.5
2024-01-31,108.7,58738000,3150000,2497.09,15164.01,5.33,3.5
2024-02-01,109,59150000,3166000,2542.46,15361.64,5.33,3.5
2024-02-02,108.9,59299000,3169000,2615.31,15628.95,5.33,3.5
2024-02-03,108.4,59260000,3164000,2615.31,15628.95,5.33,3.5
2024-02-04,108.1,58811000,3160000,2615.31,15628.95,5.33,3.5
2024-02-05,108,58882000,3173000,2591.31,15597.68,5.33,3.5
2024-02-06,107.6,59039000,3249000,2576.2,15609,5.33,3.5
2024-02-07,108.9,60232000,3299000,2609.58,15756.64,5.33,3.5
2024-02-08,109.4,62011000,3316000,2620.32,15793.71,5.33,3.5
2024-02-09,110.1,63682000,3355000,2620.32,15990.66,5.33,3.5
2024-02-10,110,64549000,3378000,2620.32,15990.66,5.33,3.5
2024-02-11,109.9,65230000,3390000,2620.32,15990.66,5.33,3.5
2024-02-12,110.2,67002000,3570000,2620.32,15942.54,5.33,3.5
2024-02-13,109.8,67309000,3580000,2649.64,15655.6,5.33,3.5
2024-02-14,115.9,70199000,3764000,2620.42,15859.15,5.33,3.5
2024-02-15,117.3,71253000,3876000,2613.8,15906.17,5.33,3.5
2024-02-16,118.9,72128000,3877000,2648.76,15775.65,5.33,3.5
2024-02-17,115.7,71530000,3857000,2648.76,15775.65,5.33,3.5
2024-02-18,117.5,71964000,3976000,2648.76,15775.65,5.33,3.5
2024-02-19,123.9,71755000,4076000,2680.26,15775.65,5.33,3.5
2024-02-20,119.1,72191000,4162000,2657.79,15630.78,5.33,3.5
2024-02-21,118.1,72397000,4149000,2653.31,15580.87,5.33,3.5
2024-02-22,117.2,71601000,4147000,2664.27,16041.62,5.33,3.5
2024-02-23,117.9,70805000,4076000,2667.7,15996.82,5.33,3.5
2024-02-24,118.8,71107000,4127000,2667.7,15996.82,5.33,3.5
2024-02-25,118.5,71256000,4291000,2667.7,15996.82,5.33,3.5
2024-02-26,122.2,74742000,4358000,2647.08,15976.25,5.33,3.5
2024-02-27,134.3,78619000,4469000,2625.05,16035.3,5.33,3.5
2024-02-28,162.6,87634000,4751000,2652.29,15947.74,5.33,3.5
2024-02-29,164.9,85910000,4697000,2642.36,16091.92,5.33,3.5
2024-03-01,195.3,87397000,4807000,2642.36,16274.94,5.33,3.5
2024-03-02,198.1,86383000,4761000,2642.36,16274.94,5.33,3.5
2024-03-03,214,87982000,4869000,2642.36,16274.94,5.33,3.5
2024-03-04,254.8,95500000,5077000,2674.27,16207.51,5.33,3.5
2024-03-05,220.1,91275000,5085000,2649.4,15939.59,5.33,3.5
2024-03-06,223.4,93325000,5406000,2641.49,16031.54,5.33,3.5
2024-03-07,221.6,94060000,5446000,2647.62,16273.38,5.33,3.5
2024-03-08,232.7,96237000,5496000,2680.35,16085.11,5.33,3.5
2024-03-09,250.9,95946000,5480000,2680.35,16085.11,5.33,3.5
2024-03-10,240.5,97495000,5488000,2680.35,16085.11,5.33,3.5
2024-03-11,253.3,100404000,5659000,2659.84,16019.27,5.33,3.5
2024-03-12,238.4,101200000,5646000,2681.81,16265.64,5.33,3.5
2024-03-13,240.7,104122000,5711000,2693.57,16177.77,5.33,3.5
2024-03-14,254.3,102506000,5580000,2718.76,16128.53,5.33,3.5
2024-03-15,238.2,101000000,5436000,2666.84,15973.17,5.33,3.5
2024-03-16,210.7,96767000,5210000,2666.84,15973.17,5.33,3.5
2024-03-17,225.6,99922000,5326000,2666.84,15973.17,5.33,3.5
2024-03-18,210.3,99040000,5156000,2685.84,16103.45,5.33,3.5
2024-03-19,192.2,92572000,4719000,2656.17,16166.79,5.33,3.5
2024-03-20,223.6,99726000,5173000,2690.14,16369.41,5.33,3.5
2024-03-21,226.5,95552000,5087000,2754.86,16401.84,5.33,3.5
2024-03-22,225,93855000,4913000,2748.56,16428.82,5.33,3.5
2024-03-23,235.8,93274000,4855000,2748.56,16428.82,5.33,3.5
2024-03-24,253.8,96624000,4964000,2748.56,16428.82,5.33,3.5
2024-03-25,249.5,99202000,5096000,2737.57,16384.47,5.33,3.5
2024-03-26,260.5,100051000,5126000,2757.09,16315.7,5.33,3.5
2024-03-27,273.8,99890000,5040000,2755.11,16399.52,5.33,3.5
2024-03-28,313.7,100900000,5076000,2745.82,16379.46,5.33,3.5
2024-03-29,304,99801000,5020000,2746.63,16379.46,5.33,3.5
2024-03-30,286.2,99985000,5033000,2746.63,16379.46,5.33,3.5
2024-03-31,311.5,100970000,5161000,2746.63,16379.46,5.33,3.5
2024-04-01,294.9,100100000,5040000,2747.86,16396.83,5.33,3.5
2024-04-02,268.3,96053000,4812000,2753.16,16240.45,5.33,3.5
2024-04-03,256.9,96502000,4842000,2706.97,16277.46,5.33,3.5
2024-04-04,262,99361000,4838000,2742,16049.08,5.33,3.5
2024-04-05,257,98394000,4815000,2714.21,16248.52,5.33,3.5
2024-04-06,267.1,99023000,4823000,2714.21,16248.52,5.33,3.5
2024-04-07,284.8,99369000,4947000,2714.21,16248.52,5.33,3.5
2024-04-08,288.5,102101000,5260000,2717.65,16253.96,5.33,3.5
2024-04-09,272,99350000,5042000,2705.16,16306.64,5.33,3.5
2024-04-10,284.5,100600000,5059000,2705.16,16170.36,5.33,3.5
2024-04-11,278.1,100541000,5023000,2706.96,16442.2,5.33,3.5
2024-04-12,259,99776000,4822000,2681.82,16175.09,5.33,3.5
2024-04-13,231.3,97149000,4570000,2681.82,16175.09,5.33,3.5
2024-04-14,244.6,98905000,4752000,2681.82,16175.09,5.33,3.5
2024-04-15,245.2,96527000,4719000,2670.43,15885.02,5.33,3.5
2024-04-16,233.7,95597000,4623000,2609.63,15865.25,5.33,3.5
2024-04-17,220.5,91419000,4451000,2584.18,15683.37,5.33,3.5
2024-04-18,223.9,93356000,4506000,2634.7,15601.5,5.33,3.5
2024-04-19,228.8,93390000,4475000,2591.86,15282.01,5.33,3.5
2024-04-20,237.2,94805000,4610000,2591.86,15282.01,5.33,3.5
2024-04-21,231.4,94868000,4600000,2591.86,15282.01,5.33,3.5
2024-04-22,234.3,97192000,4652000,2629.44,15451.3,5.33,3.5
2024-04-23,231.1,96045000,4661000,2623.02,15696.64,5.33,3.5
2024-04-24,220.5,93534000,4567000,2675.75,15712.75,5.33,3.5
2024-04-25,217.5,92745000,4535000,2628.62,15611.76,5.33,3.5
2024-04-26,213.3,91951000,4512000,2656.33,15927.9,5.33,3.5
2024-04-27,213,91499000,4689000,2656.33,15927.9,5.33,3.5
2024-04-28,210.3,90530000,4679000,2656.33,15927.9,5.33,3.5
2024-04-29,205.5,91400000,4604000,2687.44,15983.08,5.33,3.5
2024-04-30,191.3,87137000,4327000,2692.06,15657.82,5.33,3.5
2024-05-01,186.2,83499000,4252000,2692.06,15605.48,5.33,3.5
2024-05-02,185.6,83078000,4201000,2683.65,15840.96,5.33,3.5
2024-05-03,207.4,89291000,4400000,2676.63,16156.33,5.33,3.5
2024-05-04,226.7,90303000,4410000,2676.63,16156.33,5.33,3.5
2024-05-05,226.4,90061000,4410000,2676.63,16156.33,5.33,3.5
2024-05-06,219.7,88804000,4308000,2676.63,16349.25,5.33,3.5
2024-05-07,210.8,87595000,4229000,2734.36,16332.55,5.33,3.5
2024-05-08,201,85872000,4169000,2745.05,16302.76,5.33,3.5
2024-05-09,212.5,88116000,4243000,2712.14,16346.26,5.33,3.5
2024-05-10,203.4,85842000,4108000,2727.63,16340.87,5.33,3.5
2024-05-11,201.9,85791000,4111000,2727.63,16340.87,5.33,3.5
2024-05-12,199.1,86521000,4125000,2727.63,16340.87,5.33,3.5
2024-05-13,207.7,87928000,4125000,2727.21,16388.24,5.33,3.5
2024-05-14,204.3,86500000,4053000,2730.34,16511.18,5.33,3.5
2024-05-15,216.2,92111000,4220000,2730.34,16742.39,5.33,3.5
2024-05-16,208.7,90800000,4096000,2753,16698.32,5.33,3.5
2024-05-17,215.1,92646000,4278000,2724.62,16685.97,5.33,3.5
2024-05-18,212.8,93066000,4343000,2724.62,16685.97,5.33,3.5
2024-05-19,207.2,92185000,4268000,2724.62,16685.97,5.33,3.5
2024-05-20,225.4,97260000,4992000,2742.14,16794.87,5.33,3.5
2024-05-21,234.8,96700000,5231000,2724.18,16832.62,5.33,3.5
2024-05-22,229.1,95421000,5152000,2723.46,16801.54,5.33,3.5
2024-05-23,223.3,94900000,5288000,2721.81,16736.03,5.33,3.5
2024-05-24,227.8,95214000,5177000,2687.6,16920.79,5.33,3.5
2024-05-25,241.5,96240000,5206000,2687.6,16920.79,5.33,3.5
2024-05-26,231.7,95610000,5342000,2687.6,16920.79,5.33,3.5
2024-05-27,233.9,96050000,5390000,2722.99,16920.79,5.33,3.5
2024-05-28,228.4,94600000,5325000,2722.85,17019.88,5.33,3.5
2024-05-29,227.7,93910000,5234000,2677.3,16920.58,5.33,3.5
2024-05-30,221.9,94943000,5212000,2635.44,16737.08,5.33,3.5
2024-05-31,222.3,94505000,5269000,2636.52,16735.02,5.33,3.5
2024-06-01,224.1,94720000,5341000,2636.52,16735.02,5.33,3.5
2024-06-02,220.4,95000000,5300000,2636.52,16735.02,5.33,3.5
2024-06-03,221,95994000,5259000,2682.52,16828.67,5.33,3.5
2024-06-04,223.4,97500000,5273000,2662.1,16857.05,5.33,3.5
2024-06-05,225.7,98385000,5345000,2689.5,17187.9,5.33,3.5
2024-06-06,222.6,98334000,5296000,2689.5,17173.12,5.33,3.5
2024-06-07,209.9,97919000,5199000,2722.67,17133.13,5.33,3.5
2024-06-08,206.9,98125000,5212000,2722.67,17133.13,5.33,3.5
2024-06-09,206.5,97983000,5208000,2722.67,17133.13,5.33,3.5
2024-06-10,202.9,97276000,5135000,2701.17,17192.53,5.33,3.5
2024-06-11,195.9,95329000,4959000,2705.32,17343.55,5.33,3.5
2024-06-12,205.5,95934000,5006000,2728.17,17608.44,5.33,3.5
2024-06-13,199.9,94614000,4915000,2754.89,17667.56,5.33,3.5
2024-06-14,192.5,93978000,4957000,2758.42,17688.88,5.33,3.5
2024-06-15,193.8,93910000,5062000,2758.42,17688.88,5.33,3.5
2024-06-16,193.4,94219000,5121000,2758.42,17688.88,5.33,3.5
2024-06-17,181.6,93588000,4946000,2744.1,17857.02,5.33,3.5
2024-06-18,172,91649000,4900000,2763.92,17862.23,5.33,3.5
2024-06-19,172.9,91555000,5020000,2797.33,17862.23,5.33,3.5
2024-06-20,176.2,91780000,4973000,2807.63,17721.59,5.33,3.5
2024-06-21,175,90308000,4955000,2784.26,17689.36,5.33,3.5
2024-06-22,175.2,90874000,4945000,2784.26,17689.36,5.33,3.5
2024-06-23,172.4,89046000,4820000,2784.26,17689.36,5.33,3.5
2024-06-24,168.6,85496000,4753000,2764.73,17496.82,5.33,3.5
2024-06-25,178.4,87450000,4803000,2774.39,17717.65,5.33,3.5
2024-06-26,173.5,86027000,4766000,2792.05,17805.16,5.33,3.5
2024-06-27,178.9,86884000,4863000,2784.06,17858.68,5.33,3.5
2024-06-28,173.6,85158000,4761000,2797.82,17732.6,5.33,3.5
2024-06-29,171.6,85765000,4754000,2797.82,17732.6,5.33,3.5
2024-06-30,174.5,87920000,4821000,2797.82,17732.6,5.33,3.5
2024-07-01,173.5,88253000,4835000,2804.31,17879.3,5.33,3.5
2024-07-02,175.8,87248000,4811000,2780.86,18028.76,5.33,3.5
2024-07-03,168,85331000,4672000,2794.01,18188.3,5.33,3.5
2024-07-04,150.5,81680000,4379000,2824.94,18188.3,5.33,3.5
2024-07-05,150.9,81118000,4266000,2862.23,18352.76,5.33,3.5
2024-07-06,161.1,82826000,4365000,2862.23,18352.76,5.33,3.5
2024-07-07,148.1,79397000,4164000,2862.23,18352.76,5.33,3.5
2024-07-08,152.8,80534000,4290000,2857.76,18403.74,5.33,3.5
2024-07-09,152.2,82043000,4336000,2867.38,18429.29,5.33,3.5
2024-07-10,153.2,81896000,4397000,2867.99,18647.45,5.33,3.5
2024-07-11,150.9,81070000,4381000,2891.35,18283.41,5.33,3.5
2024-07-12,151.7,81540000,4413000,2857,18398.45,5.33,3.5
2024-07-13,157.4,82901000,4450000,2857,18398.45,5.33,3.5
2024-07-14,161.9,85430000,4557000,2857,18398.45,5.33,3.5
2024-07-16,174.3,90807000,4809000,2866.09,18509.34,5.33,3.5
2024-07-17,170,89467000,4730000,2843.29,17996.93,5.33,3.5
2024-07-18,168,89850000,4811000,2824.35,17871.22,5.33,3.5
2024-07-19,174.8,93004000,4888000,2795.46,17726.94,5.33,3.5
2024-07-20,188,94065000,4928000,2795.46,17726.94,5.33,3.5
2024-07-21,195.5,95000000,4932000,2795.46,17726.94,5.33,3.5
2024-07-22,192.6,94357000,4808000,2763.51,18007.57,5.33,3.5
2024-07-23,182.5,92230000,4870000,2774.29,17997.35,5.33,3.5
2024-07-24,179,91501000,4674000,2758.71,17342.41,5.33,3.5
2024-07-25,176,92465000,4463000,2710.65,17181.72,5.33,3.5
2024-07-26,187.3,94727000,4571000,2731.9,17357.88,5.33,3.5
2024-07-27,182.8,94292000,4515000,2731.9,17357.88,5.33,3.5
2024-07-28,181.8,95363000,4569000,2731.9,17357.88,5.33,3.5
2024-07-29,179.9,93618000,4641000,2765.53,17370.2,5.33,3.5
2024-07-30,176,92788000,4597000,2738.19,17147.42,5.33,3.5
2024-07-31,170.6,90345000,4518000,2770.69,17599.4,5.33,3.5
2024-08-01,167.2,91789000,4500000,2777.68,17194.14,5.33,3.5
2024-08-02,157.3,86691000,4213000,2676.19,16776.16,5.33,3.5
2024-08-03,153.1,85957000,4110000,2676.19,16776.16,5.33,3.5
2024-08-04,145.8,81871000,3790000,2676.19,16776.16,5.33,3.5
2024-08-05,136.1,77833000,3483000,2441.55,16200.08,5.33,3.5
2024-08-06,138.1,80224000,3526000,2522.15,16366.86,5.33,3.5
2024-08-07,135.8,78388000,3338000,2568.41,16195.81,5.33,3.5
2024-08-08,150.4,86397000,3757000,2556.73,16660.02,5.33,3.5
2024-08-09,146.1,85518000,3654000,2588.43,16745.3,5.33,3.5
2024-08-10,147.9,85669000,3669000,2588.43,16745.3,5.33,3.5
2024-08-11,141.8,82815000,3601000,2588.43,16745.3,5.33,3.5
2024-08-12,151.3,83221000,3817000,2618.3,16780.61,5.33,3.5
2024-08-13,148.6,84600000,3774000,2621.5,17187.61,5.33,3.5
2024-08-14,143.8,82457000,3732000,2644.5,17192.6,5.33,3.5
2024-08-15,141,81004000,3616000,2644.5,17594.5,5.33,3.5
2024-08-16,140.5,82209000,3623000,2697.23,17631.72,5.33,3.5
2024-08-17,143,82849000,3638000,2697.23,17631.72,5.33,3.5
2024-08-18,139.5,81500000,3640000,2697.23,17631.72,5.33,3.5
2024-08-19,139.1,81680000,3620000,2674.36,17876.77,5.33,3.5
2024-08-20,140.7,80751000,3522000,2696.63,17816.94,5.33,3.5
2024-08-21,143.8,82900000,3564000,2701.13,17918.99,5.33,3.5
2024-08-22,142.9,82003000,3557000,2707.67,17619.35,5.33,3.5
2024-08-23,150.8,85600000,3690000,2701.69,17877.79,5.33,3.5
2024-08-24,150.6,85767000,3701000,2701.69,17877.79,5.33,3.5
2024-08-25,147.2,86254000,3689000,2701.69,17877.79,5.33,3.5
2024-08-26,141.4,84408000,3605000,2698.01,17725.77,5.33,3.5
2024-08-27,134.7,80950000,3346000,2689.25,17754.82,5.33,3.5
2024-08-28,135.9,80569000,3445000,2689.83,17556.03,5.33,3.5
2024-08-29,136.5,80790000,3437000,2662.28,17516.43,5.33,3.5
2024-08-30,138.4,80439000,3435000,2674.31,17713.62,5.33,3.5
2024-08-31,137.8,80262000,3419000,2674.31,17713.62,5.33,3.5
2024-09-01,130.1,78301000,3317000,2674.31,17713.62,5.33,3.5
2024-09-02,134.4,80205000,3442000,2681,17713.62,5.33,3.5
2024-09-03,131.7,78272000,3304000,2664.63,17136.3,5.33,3.5
2024-09-04,132.9,78739000,3323000,2580.8,17084.3,5.33,3.5
2024-09-05,133.7,76330000,3220000,2575.5,17127.66,5.33,3.5
2024-09-06,126.4,73644000,3039000,2544.28,16690.83,5.33,3.5
2024-09-07,129.6,73640000,3088000,2544.28,16690.83,5.33,3.5
2024-09-08,130.5,74437000,3118000,2544.28,16690.83,5.33,3.5
2024-09-09,140.6,77275000,3196000,2535.93,16884.6,5.33,3.5
2024-09-10,139.3,78089000,3232000,2523.43,17025.88,5.33,3.5
2024-09-11,136.7,77301000,3158000,2513.37,17395.53,5.33,3.5
2024-09-12,138.2,78269000,3179000,2572.09,17569.68,5.33,3.5
2024-09-13,143.2,80930000,3267000,2575.41,17683.98,5.33,3.5
2024-09-14,141.5,80524000,3244000,2575.41,17683.98,5.33,3.5
2024-09-15,138.7,79690000,3125000,2575.41,17683.98,5.33,3.5
2024-09-16,134.3,78469000,3094000,2575.41,17592.13,5.33,3.5
2024-09-17,136,81116000,3147000,2575.41,17628.06,5.33,3.5
2024-09-18,139,82604000,3179000,2575.41,17573.3,5.33,3.5
2024-09-19,140.1,83892000,3286000,2580.8,18013.98,4.83,3.5
2024-09-20,141,84385000,3423000,2593.37,17948.32,4.83,3.5
2024-09-21,146.5,84425000,3482000,2593.37,17948.32,4.83,3.5
2024-09-22,142.1,84829000,3451000,2593.37,17948.32,4.83,3.5
2024-09-23,144.3,84631000,3538000,2602.01,17974.27,4.83,3.5
2024-09-24,145.5,85248000,3519000,2631.68,18074.52,4.83,3.5
2024-09-25,145.2,84362000,3449000,2596.32,18082.21,4.83,3.5
2024-09-26,155.9,86000000,3478000,2671.57,18190.29,4.83,3.5
2024-09-27,163.4,86958000,3560000,2649.78,18119.59,4.83,3.5
2024-09-28,168.5,86732000,3519000,2649.78,18119.59,4.83,3.5
2024-09-29,163,85958000,3480000,2649.78,18119.59,4.83,3.5
2024-09-30,151.3,83730000,3440000,2593.27,18189.17,4.83,3.5
2024-10-01,143.6,81500000,3281000,2593.27,17910.36,4.83,3.5
2024-10-02,141,81707000,3188000,2561.69,17925.12,4.83,3.5
2024-10-03,142.5,82424000,3189000,2561.69,17918.48,4.83,3.5
2024-10-04,147.5,83805000,3261000,2569.71,18137.85,4.83,3.5
2024-10-05,148,83956000,3271000,2569.71,18137.85,4.83,3.5
2024-10-06,150,84533000,3282000,2569.71,18137.85,4.83,3.5
2024-10-07,146.5,83942000,3269000,2610.38,17923.9,4.83,3.5
2024-10-08,145,84139000,3305000,2594.36,18182.92,4.83,3.5
2024-10-09,146.6,82385000,3219000,2594.36,18291.62,4.83,3.5
2024-10-10,144.2,82131000,3246000,2599.16,18282.05,4.83,3.5
2024-10-11,149.7,84451000,3292000,2596.91,18342.94,4.83,3.25
2024-10-12,149.9,84956000,3330000,2596.91,18342.94,4.83,3.25
2024-10-13,150.3,84806000,3329000,2596.91,18342.94,4.83,3.25
2024-10-14,156.5,88640000,3528000,2623.29,18502.69,4.83,3.25
2024-10-15,158.7,90600000,3524000,2633.45,18315.59,4.83,3.25
2024-10-16,170.4,91610000,3541000,2610.36,18367.08,4.83,3.25
2024-10-17,176.3,91725000,3550000,2609.3,18373.61,4.83,3.25
2024-10-18,187,93330000,3601000,2593.82,18489.55,4.83,3.25
2024-10-19,196.9,93322000,3615000,2593.82,18489.55,4.83,3.25
2024-10-20,193.6,93901000,3738000,2593.82,18489.55,4.83,3.25
2024-10-21,196.7,92161000,3651000,2604.92,18540.01,4.83,3.25
2024-10-22,192.9,92877000,3612000,2570.7,18573.13,4.83,3.25
2024-10-23,193.9,92375000,3499000,2599.62,18276.65,4.83,3.25
2024-10-24,195.6,94077000,3500000,2581.03,18415.49,4.83,3.25
2024-10-25,185.2,93762000,3433000,2583.27,18518.61,4.83,3.25
2024-10-26,192.4,93993000,3475000,2583.27,18518.61,4.83,3.25
2024-10-27,201.2,94819000,3496000,2583.27,18518.61,4.83,3.25
2024-10-28,224.9,97401000,3579000,2612.43,18567.19,4.83,3.25
2024-10-29,245.2,101305000,3674000,2617.8,18712.75,4.83,3.25
2024-10-30,234.2,100571000,3695000,2593.79,18607.93,4.83,3.25
2024-10-31,225.5,98112000,3514000,2556.15,18095.15,4.83,3.25
2024-11-01,222.9,97285000,3516000,2542.36,18239.92,4.83,3.25
2024-11-02,223.5,97205000,3496000,2542.36,18239.92,4.83,3.25
2024-11-03,211.2,95883000,3426000,2542.36,18239.92,4.83,3.25
2024-11-04,219.9,94289000,3335000,2588.97,18179.98,4.83,3.25
2024-11-05,236,96170000,3364000,2576.88,18439.17,4.83,3.25
2024-11-06,271.4,104085000,3755000,2563.51,18983.46,4.83,3.25
2024-11-07,265.5,104115000,3981000,2564.63,19269.46,4.83,3.25
2024-11-08,281.6,106843000,4136000,2561.15,19286.78,4.58,3.25
2024-11-09,303.1,106294000,4332000,2561.15,19286.78,4.58,3.25
2024-11-10,385,111440000,4411000,2561.15,19286.78,4.58,3.25
2024-11-11,494.5,124503000,4725000,2531.66,19298.76,4.58,3.25
2024-11-12,539.6,124967000,4614000,2482.57,19281.4,4.58,3.25
2024-11-13,565.6,128111000,4524000,2417.08,19230.72,4.58,3.25
2024-11-14,516.1,123572000,4331000,2418.86,19107.65,4.58,3.25
2024-11-15,536.4,128236000,4359000,2416.86,18680.12,4.58,3.25
2024-11-16,511.3,127071000,4402000,2416.86,18680.12,4.58,3.25
2024-11-17,516.4,126472000,4329000,2416.86,18680.12,4.58,3.25
2024-11-18,521,127142000,4511000,2469.07,18791.81,4.58,3.25
2024-11-19,548.9,129720000,4372000,2471.95,18987.47,4.58,3.25
2024-11-20,533.7,133180000,4338000,2482.29,18966.14,4.58,3.25
2024-11-21,540.2,137050000,4685000,2480.63,18972.42,4.58,3.25
2024-11-22,571,136879000,4614000,2501.24,19003.65,4.58,3.25
2024-11-23,600.5,136000000,4727000,2501.24,19003.65,4.58,3.25
2024-11-24,597.9,136096000,4672000,2501.24,19003.65,4.58,3.25
2024-11-25,547.8,129791000,4759000,2534.34,19054.84,4.58,3.25
2024-11-26,541.3,128783000,4654000,2520.36,19175.58,4.58,3.25
2024-11-27,556.3,132999000,5070000,2503.06,19060.48,4.58,3.25
2024-11-28,559.2,133138000,4988000,2504.67,19060.48,4.58,3
2024-11-29,587.9,134542000,4966000,2455.91,19218.17,4.58,3
2024-11-30,585.2,133701000,5133000,2455.91,19218.17,4.58,3
2024-12-01,606.3,133802000,5105000,2455.91,19218.17,4.58,3
2024-12-02,591.7,133535000,5085000,2454.48,19403.95,4.58,3
2024-12-03,567.4,133700000,5051000,2500.1,19480.91,4.58,3
2024-12-04,610.5,138760000,5402000,2464,19735.12,4.58,3
2024-12-05,604.7,137501000,5364000,2441.85,19700.72,4.58,3
2024-12-06,606.9,139340000,5581000,2428.16,19859.77,4.58,3
2024-12-07,629.9,138960000,5562000,2428.16,19859.77,4.58,3
2024-12-08,651,141005000,5591000,2428.16,19859.77,4.58,3
2024-12-09,592.1,138864000,5300000,2360.58,19736.69,4.58,3
2024-12-10,564.8,138205000,5194000,2417.84,19687.24,4.58,3
2024-12-11,585.6,143111000,5423000,2442.51,20034.89,4.58,3
2024-12-12,579.9,142757000,5544000,2482.12,19902.84,4.58,3
2024-12-13,582.1,144402000,5567000,2494.46,19926.72,4.58,3
2024-12-14,572.4,145927000,5567000,2494.46,19926.72,4.58,3
2024-12-15,581,149243000,5651000,2494.46,19926.72,4.58,3
2024-12-16,581.6,153403000,5774000,2488.97,20173.89,4.58,3
2024-12-17,577.5,155223000,5701000,2456.81,20109.06,4.58,3
2024-12-18,528.6,147754000,5351000,2484.43,19392.69,4.58,3
2024-12-19,476.3,147474000,5170000,2435.93,19372.77,4.33,3
2024-12-20,481.8,148138000,5256000,2404.15,19572.6,4.33,3
2024-12-21,486.8,147830000,5078000,2404.15,19572.6,4.33,3
2024-12-22,475.9,144800000,4989000,2404.15,19572.6,4.33,3
2024-12-23,489.4,142901000,5154000,2442.01,19764.88,4.33,3
2024-12-24,501.1,146831000,5195000,2440.52,20031.13,4.33,3
2024-12-25,497.7,148081000,5207000,2440.52,20031.13,4.33,3
2024-12-26,470.8,144076000,5013000,2429.67,20020.36,4.33,3
2024-12-27,469.8,142111000,5019000,2404.77,19722.03,4.33,3
2024-12-28,484.1,142302000,5083000,2404.77,19722.03,4.33,3
2024-12-29,468.9,139735000,5004000,2404.77,19722.03,4.33,3
2024-12-30,466.8,137892000,4994000,2399.49,19486.79,4.33,3
2024-12-31,471.1,139257000,4978000,2399.49,19310.79,4.33,3
2025-01-01,485.7,141320000,5021000,2399.49,19310.79,4.33,3
2025-01-02,502.9,143848000,5132000,2398.94,19280.79,4.33,3
2025-01-03,559.7,144655000,5312000,2441.92,19621.68,4.33,3
2025-01-04,581.2,144745000,5382000,2441.92,19621.68,4.33,3
2025-01-05,562.6,144700000,5350000,2441.92,19621.68,4.33,3
2025-01-06,569.8,150264000,5413000,2488.64,19864.98,4.33,3
2025-01-07,520.7,144789000,5059000,2492.1,19489.68,4.33,3
2025-01-08,513.2,142368000,4985000,2521.05,19478.88,4.33,3
2025-01-09,484.8,139740000,4864000,2521.9,19478.88,4.33,3
2025-01-10,502.1,142457000,4915000,2515.78,19161.63,4.33,3
2025-01-11,510.4,141771000,4915000,2515.78,19161.63,4.33,3
2025-01-12,504.4,142086000,4909000,2515.78,19161.63,4.33,3
2025-01-13,508.2,142108000,4717000,2489.56,19088.1,4.33,3
2025-01-14,528.3,143501000,4791000,2497.4,19044.39,4.33,3
2025-01-15,564.8,147309000,5057000,2496.81,19511.23,4.33,3
2025-01-16,552.3,146670000,4858000,2527.49,19338.29,4.33,3
2025-01-17,608.5,152345000,5085000,2523.55,19630.2,4.33,3
2025-01-18,590,155801000,4929000,2523.55,19630.2,4.33,3
2025-01-19,547.6,154000000,4892000,2523.55,19630.2,4.33,3
2025-01-20,531.8,153225000,4923000,2520.05,19630.2,4.33,3
2025-01-21,552.7,157571000,4939000,2518.03,19756.78,4.33,3
2025-01-22,542.2,154999000,4846000,2547.06,20009.34,4.33,3
2025-01-23,525.1,155112000,4976000,2515.49,20053.68,4.33,3
2025-01-24,526.6,157146000,4968000,2536.8,19954.3,4.33,3
2025-01-25,530.3,157200000,4985000,2536.8,19954.3,4.33,3
2025-01-26,512.9,156100000,4923000,2536.8,19954.3,4.33,3
2025-01-27,506.9,154919000,4835000,2536.8,19341.83,4.33,3
2025-01-28,491.2,155919000,4741000,2536.8,19733.59,4.33,3
2025-01-29,497.3,158859000,4776000,2536.8,19632.32,4.33,3
2025-01-30,500.6,158139000,4898000,2536.8,19681.75,4.33,3
2025-01-31,502.1,156580000,5042000,2517.37,19627.44,4.33,3
